Workbook

Sheet Table
A1: Asset | B1: Avg Daily Return | C1: Daily Volatility | D1: Annual Return | E1: Annual Volatility
A2: AAPL | B2: =AAPL!E2 -> 0.0012281601 | C2: =AAPL!F2 -> 0.019535514 | D2: =AAPL!G2 -> 0.30949634 | E2: =AAPL!H2 -> 0.31011666
A3: MSFT | B3: =MSFT!E2 -> 0.0010041431 | C3: =MSFT!F2 -> 0.017861536 | D3: =MSFT!G2 -> 0.25304406 | E3: =MSFT!H2 -> 0.28354309
A4: NVDA | B4: =NVDA!E2 -> 0.002780412 | C4: =NVDA!F2 -> 0.032414412 | D4: =NVDA!G2 -> 0.70066381 | E4: =NVDA!H2 -> 0.51456284
A5: JPM | B5: =JPM!E2 -> 0.00080893763 | C5: =JPM!F2 -> 0.018879395 | D5: =JPM!G2 -> 0.20385228 | E5: =JPM!H2 -> 0.2997011
A6: BAC | B6: =BAC!E2 -> 0.00063433089 | C6: =BAC!F2 -> 0.0207822 | D6: =BAC!G2 -> 0.15985138 | E6: =BAC!H2 -> 0.32990719
A7: KO | B7: =KO!E2 -> 0.00031991262 | C7: =KO!F2 -> 0.012544537 | D7: =KO!G2 -> 0.080617981 | E7: =KO!H2 -> 0.19913835
A8: SPY | B8: =SPY!E2 -> 0.00064941407 | C8: =SPY!F2 -> 0.012465144 | D8: =SPY!G2 -> 0.16365235 | E8: =SPY!H2 -> 0.19787803

Sheet Summary
A1: Asset | B1: Annual Return | C1: Annual Volatility | D1: Sharpe Ratio
A2: AAPL | B2: =AAPL!G2 -> 0.30949634 | C2: =AAPL!H2 -> 0.31011666 | D2: =(B2-0.03)/C2 -> 0.90126191
A3: MSFT | B3: =MSFT!G2 -> 0.25304406 | C3: =MSFT!H2 -> 0.28354309 | D3: =(B3-0.03)/C3 -> 0.78663197
A4: NVDA | B4: =NVDA!G2 -> 0.70066381 | C4: =NVDA!H2 -> 0.51456284 | D4: =(B4-0.03)/C4 -> 1.3033662
A5: JPM | B5: =JPM!G2 -> 0.20385228 | C5: =JPM!H2 -> 0.2997011 | D5: =(B5-0.03)/C5 -> 0.58008556
A6: BAC | B6: =BAC!G2 -> 0.15985138 | C6: =BAC!H2 -> 0.32990719 | D6: =(B6-0.03)/C6 -> 0.39359974
A7: KO | B7: =KO!G2 -> 0.080617981 | C7: =KO!H2 -> 0.19913835 | D7: =(B7-0.03)/C7 -> 0.25418499
A8: SPY | B8: =SPY!G2 -> 0.16365235 | C8: =SPY!H2 -> 0.19787803 | D8: =(B8-0.03)/C8 -> 0.67542793

Sheet AAPL
A1: =IFERROR(__xludf.UNSUPPORTED(GOOGLEFINANCE("AAPL", "price", "01/01/2019", "01/22/2026", "DAILY")),"Date") -> Date | B1: =IFERROR(__xludf.UNSUPPORTED("""COMPUTED_VALUE"""),"Close") -> Close | C1: daily_return | E1: avg_daily_return | F1: volatility | G1: annualized_return | H1: annualized_volatility
A2: =IFERROR(__xludf.UNSUPPORTED("""COMPUTED_VALUE"""),43467.6666666666) -> 43467.667 | B2: =IFERROR(__xludf.UNSUPPORTED("""COMPUTED_VALUE"""),39.48) -> 39.48 | E2: =AVERAGE(C3:C1775) -> 0.0012281601 | F2: =_xlfn.STDEV.S(C3:C1775) -> 0.019535514 | G2: =E2*252 -> 0.30949634 | H2: =F2*SQRT(252) -> 0.31011666
A3: =IFERROR(__xludf.UNSUPPORTED("""COMPUTED_VALUE"""),43468.6666666666) -> 43468.667 | B3: =IFERROR(__xludf.UNSUPPORTED("""COMPUTED_VALUE"""),35.55) -> 35.55 | C3: =(B3-B2)/B2 -> -0.099544073
A4: =IFERROR(__xludf.UNSUPPORTED("""COMPUTED_VALUE"""),43469.6666666666) -> 43469.667 | B4: =IFERROR(__xludf.UNSUPPORTED("""COMPUTED_VALUE"""),37.07) -> 37.07 | C4: =(B4-B3)/B3 -> 0.042756681
A5: =IFERROR(__xludf.UNSUPPORTED("""COMPUTED_VALUE"""),43472.6666666666) -> 43472.667 | B5: =IFERROR(__xludf.UNSUPPORTED("""COMPUTED_VALUE"""),36.98) -> 36.98 | C5: =(B5-B4)/B4 -> -0.0024278392
A6: =IFERROR(__xludf.UNSUPPORTED("""COMPUTED_VALUE"""),43473.6666666666) -> 43473.667 | B6: =IFERROR(__xludf.UNSUPPORTED("""COMPUTED_VALUE"""),37.69) -> 37.69 | C6: =(B6-B5)/B5 -> 0.019199567
A7: =IFERROR(__xludf.UNSUPPORTED("""COMPUTED_VALUE"""),43474.6666666666) -> 43474.667 | B7: =IFERROR(__xludf.UNSUPPORTED("""COMPUTED_VALUE"""),38.33) -> 38.33 | C7: =(B7-B6)/B6 -> 0.016980631
A8: =IFERROR(__xludf.UNSUPPORTED("""COMPUTED_VALUE"""),43475.6666666666) -> 43475.667 | B8: =IFERROR(__xludf.UNSUPPORTED("""COMPUTED_VALUE"""),38.45) -> 38.45 | C8: =(B8-B7)/B7 -> 0.003130707
A9: =IFERROR(__xludf.UNSUPPORTED("""COMPUTED_VALUE"""),43476.6666666666) -> 43476.667 | B9: =IFERROR(__xludf.UNSUPPORTED("""COMPUTED_VALUE"""),38.07) -> 38.07 | C9: =(B9-B8)/B8 -> -0.0098829649
A10: =IFERROR(__xludf.UNSUPPORTED("""COMPUTED_VALUE"""),43479.6666666666) -> 43479.667 | B10: =IFERROR(__xludf.UNSUPPORTED("""COMPUTED_VALUE"""),37.5) -> 37.5 | C10: =(B10-B9)/B9 -> -0.014972419
A11: =IFERROR(__xludf.UNSUPPORTED("""COMPUTED_VALUE"""),43480.6666666666) -> 43480.667 | B11: =IFERROR(__xludf.UNSUPPORTED("""COMPUTED_VALUE"""),38.27) -> 38.27 | C11: =(B11-B10)/B10 -> 0.020533333
A12: =IFERROR(__xludf.UNSUPPORTED("""COMPUTED_VALUE"""),43481.6666666666) -> 43481.667 | B12: =IFERROR(__xludf.UNSUPPORTED("""COMPUTED_VALUE"""),38.74) -> 38.74 | C12: =(B12-B11)/B11 -> 0.01228116
A13: =IFERROR(__xludf.UNSUPPORTED("""COMPUTED_VALUE"""),43482.6666666666) -> 43482.667 | B13: =IFERROR(__xludf.UNSUPPORTED("""COMPUTED_VALUE"""),38.97) -> 38.97 | C13: =(B13-B12)/B12 -> 0.005937016
A14: =IFERROR(__xludf.UNSUPPORTED("""COMPUTED_VALUE"""),43483.6666666666) -> 43483.667 | B14: =IFERROR(__xludf.UNSUPPORTED("""COMPUTED_VALUE"""),39.21) -> 39.21 | C14: =(B14-B13)/B13 -> 0.0061585835
A15: =IFERROR(__xludf.UNSUPPORTED("""COMPUTED_VALUE"""),43487.6666666666) -> 43487.667 | B15: =IFERROR(__xludf.UNSUPPORTED("""COMPUTED_VALUE"""),38.33) -> 38.33 | C15: =(B15-B14)/B14 -> -0.022443254
A16: =IFERROR(__xludf.UNSUPPORTED("""COMPUTED_VALUE"""),43488.6666666666) -> 43488.667 | B16: =IFERROR(__xludf.UNSUPPORTED("""COMPUTED_VALUE"""),38.48) -> 38.48 | C16: =(B16-B15)/B15 -> 0.0039133838
A17: =IFERROR(__xludf.UNSUPPORTED("""COMPUTED_VALUE"""),43489.6666666666) -> 43489.667 | B17: =IFERROR(__xludf.UNSUPPORTED("""COMPUTED_VALUE"""),38.17) -> 38.17 | C17: =(B17-B16)/B16 -> -0.0080561331
A18: =IFERROR(__xludf.UNSUPPORTED("""COMPUTED_VALUE"""),43490.6666666666) -> 43490.667 | B18: =IFERROR(__xludf.UNSUPPORTED("""COMPUTED_VALUE"""),39.44) -> 39.44 | C18: =(B18-B17)/B17 -> 0.033272203
A19: =IFERROR(__xludf.UNSUPPORTED("""COMPUTED_VALUE"""),43493.6666666666) -> 43493.667 | B19: =IFERROR(__xludf.UNSUPPORTED("""COMPUTED_VALUE"""),39.08) -> 39.08 | C19: =(B19-B18)/B18 -> -0.009127789
A20: =IFERROR(__xludf.UNSUPPORTED("""COMPUTED_VALUE"""),43494.6666666666) -> 43494.667 | B20: =IFERROR(__xludf.UNSUPPORTED("""COMPUTED_VALUE"""),38.67) -> 38.67 | C20: =(B20-B19)/B19 -> -0.0104913
A21: =IFERROR(__xludf.UNSUPPORTED("""COMPUTED_VALUE"""),43495.6666666666) -> 43495.667 | B21: =IFERROR(__xludf.UNSUPPORTED("""COMPUTED_VALUE"""),41.31) -> 41.31 | C21: =(B21-B20)/B20 -> 0.068269977
A22: =IFERROR(__xludf.UNSUPPORTED("""COMPUTED_VALUE"""),43496.6666666666) -> 43496.667 | B22: =IFERROR(__xludf.UNSUPPORTED("""COMPUTED_VALUE"""),41.61) -> 41.61 | C22: =(B22-B21)/B21 -> 0.0072621641
A23: =IFERROR(__xludf.UNSUPPORTED("""COMPUTED_VALUE"""),43497.6666666666) -> 43497.667 | B23: =IFERROR(__xludf.UNSUPPORTED("""COMPUTED_VALUE"""),41.63) -> 41.63 | C23: =(B23-B22)/B22 -> 0.00048065369
A24: =IFERROR(__xludf.UNSUPPORTED("""COMPUTED_VALUE"""),43500.6666666666) -> 43500.667 | B24: =IFERROR(__xludf.UNSUPPORTED("""COMPUTED_VALUE"""),42.81) -> 42.81 | C24: =(B24-B23)/B23 -> 0.028344944
A25: =IFERROR(__xludf.UNSUPPORTED("""COMPUTED_VALUE"""),43501.6666666666) -> 43501.667 | B25: =IFERROR(__xludf.UNSUPPORTED("""COMPUTED_VALUE"""),43.55) -> 43.55 | C25: =(B25-B24)/B24 -> 0.017285681
A26: =IFERROR(__xludf.UNSUPPORTED("""COMPUTED_VALUE"""),43502.6666666666) -> 43502.667 | B26: =IFERROR(__xludf.UNSUPPORTED("""COMPUTED_VALUE"""),43.56) -> 43.56 | C26: =(B26-B25)/B25 -> 0.00022962113
A27: =IFERROR(__xludf.UNSUPPORTED("""COMPUTED_VALUE"""),43503.6666666666) -> 43503.667 | B27: =IFERROR(__xludf.UNSUPPORTED("""COMPUTED_VALUE"""),42.74) -> 42.74 | C27: =(B27-B26)/B26 -> -0.01882461
A28: =IFERROR(__xludf.UNSUPPORTED("""COMPUTED_VALUE"""),43504.6666666666) -> 43504.667 | B28: =IFERROR(__xludf.UNSUPPORTED("""COMPUTED_VALUE"""),42.6) -> 42.6 | C28: =(B28-B27)/B27 -> -0.00327562
A29: =IFERROR(__xludf.UNSUPPORTED("""COMPUTED_VALUE"""),43507.6666666666) -> 43507.667 | B29: =IFERROR(__xludf.UNSUPPORTED("""COMPUTED_VALUE"""),42.36) -> 42.36 | C29: =(B29-B28)/B28 -> -0.0056338028
A30: =IFERROR(__xludf.UNSUPPORTED("""COMPUTED_VALUE"""),43508.6666666666) -> 43508.667 | B30: =IFERROR(__xludf.UNSUPPORTED("""COMPUTED_VALUE"""),42.72) -> 42.72 | C30: =(B30-B29)/B29 -> 0.0084985836
A31: =IFERROR(__xludf.UNSUPPORTED("""COMPUTED_VALUE"""),43509.6666666666) -> 43509.667 | B31: =IFERROR(__xludf.UNSUPPORTED("""COMPUTED_VALUE"""),42.55) -> 42.55 | C31: =(B31-B30)/B30 -> -0.0039794007
A32: =IFERROR(__xludf.UNSUPPORTED("""COMPUTED_VALUE"""),43510.6666666666) -> 43510.667 | B32: =IFERROR(__xludf.UNSUPPORTED("""COMPUTED_VALUE"""),42.7) -> 42.7 | C32: =(B32-B31)/B31 -> 0.0035252644
A33: =IFERROR(__xludf.UNSUPPORTED("""COMPUTED_VALUE"""),43511.6666666666) -> 43511.667 | B33: =IFERROR(__xludf.UNSUPPORTED("""COMPUTED_VALUE"""),42.61) -> 42.61 | C33: =(B33-B32)/B32 -> -0.0021077283
A34: =IFERROR(__xludf.UNSUPPORTED("""COMPUTED_VALUE"""),43515.6666666666) -> 43515.667 | B34: =IFERROR(__xludf.UNSUPPORTED("""COMPUTED_VALUE"""),42.73) -> 42.73 | C34: =(B34-B33)/B33 -> 0.0028162403
A35: =IFERROR(__xludf.UNSUPPORTED("""COMPUTED_VALUE"""),43516.6666666666) -> 43516.667 | B35: =IFERROR(__xludf.UNSUPPORTED("""COMPUTED_VALUE"""),43.01) -> 43.01 | C35: =(B35-B34)/B34 -> 0.0065527732
A36: =IFERROR(__xludf.UNSUPPORTED("""COMPUTED_VALUE"""),43517.6666666666) -> 43517.667 | B36: =IFERROR(__xludf.UNSUPPORTED("""COMPUTED_VALUE"""),42.77) -> 42.77 | C36: =(B36-B35)/B35 -> -0.0055800977
A37: =IFERROR(__xludf.UNSUPPORTED("""COMPUTED_VALUE"""),43518.6666666666) -> 43518.667 | B37: =IFERROR(__xludf.UNSUPPORTED("""COMPUTED_VALUE"""),43.24) -> 43.24 | C37: =(B37-B36)/B36 -> 0.010989011
A38: =IFERROR(__xludf.UNSUPPORTED("""COMPUTED_VALUE"""),43521.6666666666) -> 43521.667 | B38: =IFERROR(__xludf.UNSUPPORTED("""COMPUTED_VALUE"""),43.56) -> 43.56 | C38: =(B38-B37)/B37 -> 0.007400555
A39: =IFERROR(__xludf.UNSUPPORTED("""COMPUTED_VALUE"""),43522.6666666666) -> 43522.667 | B39: =IFERROR(__xludf.UNSUPPORTED("""COMPUTED_VALUE"""),43.58) -> 43.58 | C39: =(B39-B38)/B38 -> 0.00045913682
A40: =IFERROR(__xludf.UNSUPPORTED("""COMPUTED_VALUE"""),43523.6666666666) -> 43523.667 | B40: =IFERROR(__xludf.UNSUPPORTED("""COMPUTED_VALUE"""),43.72) -> 43.72 | C40: =(B40-B39)/B39 -> 0.0032124828
A41: =IFERROR(__xludf.UNSUPPORTED("""COMPUTED_VALUE"""),43524.6666666666) -> 43524.667 | B41: =IFERROR(__xludf.UNSUPPORTED("""COMPUTED_VALUE"""),43.29) -> 43.29 | C41: =(B41-B40)/B40 -> -0.0098353156
A42: =IFERROR(__xludf.UNSUPPORTED("""COMPUTED_VALUE"""),43525.6666666666) -> 43525.667 | B42: =IFERROR(__xludf.UNSUPPORTED("""COMPUTED_VALUE"""),43.74) -> 43.74 | C42: =(B42-B41)/B41 -> 0.01039501
A43: =IFERROR(__xludf.UNSUPPORTED("""COMPUTED_VALUE"""),43528.6666666666) -> 43528.667 | B43: =IFERROR(__xludf.UNSUPPORTED("""COMPUTED_VALUE"""),43.96) -> 43.96 | C43: =(B43-B42)/B42 -> 0.0050297211
A44: =IFERROR(__xludf.UNSUPPORTED("""COMPUTED_VALUE"""),43529.6666666666) -> 43529.667 | B44: =IFERROR(__xludf.UNSUPPORTED("""COMPUTED_VALUE"""),43.88) -> 43.88 | C44: =(B44-B43)/B43 -> -0.0018198362
A45: =IFERROR(__xludf.UNSUPPORTED("""COMPUTED_VALUE"""),43530.6666666666) -> 43530.667 | B45: =IFERROR(__xludf.UNSUPPORTED("""COMPUTED_VALUE"""),43.63) -> 43.63 | C45: =(B45-B44)/B44 -> -0.0056973564
A46: =IFERROR(__xludf.UNSUPPORTED("""COMPUTED_VALUE"""),43531.6666666666) -> 43531.667 | B46: =IFERROR(__xludf.UNSUPPORTED("""COMPUTED_VALUE"""),43.13) -> 43.13 | C46: =(B46-B45)/B45 -> -0.011460005
A47: =IFERROR(__xludf.UNSUPPORTED("""COMPUTED_VALUE"""),43532.6666666666) -> 43532.667 | B47: =IFERROR(__xludf.UNSUPPORTED("""COMPUTED_VALUE"""),43.23) -> 43.23 | C47: =(B47-B46)/B46 -> 0.0023185718
A48: =IFERROR(__xludf.UNSUPPORTED("""COMPUTED_VALUE"""),43535.6666666666) -> 43535.667 | B48: =IFERROR(__xludf.UNSUPPORTED("""COMPUTED_VALUE"""),44.73) -> 44.73 | C48: =(B48-B47)/B47 -> 0.034698126
A49: =IFERROR(__xludf.UNSUPPORTED("""COMPUTED_VALUE"""),43536.6666666666) -> 43536.667 | B49: =IFERROR(__xludf.UNSUPPORTED("""COMPUTED_VALUE"""),45.23) -> 45.23 | C49: =(B49-B48)/B48 -> 0.01117818
A50: =IFERROR(__xludf.UNSUPPORTED("""COMPUTED_VALUE"""),43537.6666666666) -> 43537.667 | B50: =IFERROR(__xludf.UNSUPPORTED("""COMPUTED_VALUE"""),45.43) -> 45.43 | C50: =(B50-B49)/B49 -> 0.0044218439
A51: =IFERROR(__xludf.UNSUPPORTED("""COMPUTED_VALUE"""),43538.6666666666) -> 43538.667 | B51: =IFERROR(__xludf.UNSUPPORTED("""COMPUTED_VALUE"""),45.93) -> 45.93 | C51: =(B51-B50)/B50 -> 0.011005943
A52: =IFERROR(__xludf.UNSUPPORTED("""COMPUTED_VALUE"""),43539.6666666666) -> 43539.667 | B52: =IFERROR(__xludf.UNSUPPORTED("""COMPUTED_VALUE"""),46.53) -> 46.53 | C52: =(B52-B51)/B51 -> 0.013063357
A53: =IFERROR(__xludf.UNSUPPORTED("""COMPUTED_VALUE"""),43542.6666666666) -> 43542.667 | B53: =IFERROR(__xludf.UNSUPPORTED("""COMPUTED_VALUE"""),47.01) -> 47.01 | C53: =(B53-B52)/B52 -> 0.010315925
A54: =IFERROR(__xludf.UNSUPPORTED("""COMPUTED_VALUE"""),43543.6666666666) -> 43543.667 | B54: =IFERROR(__xludf.UNSUPPORTED("""COMPUTED_VALUE"""),46.63) -> 46.63 | C54: =(B54-B53)/B53 -> -0.0080833865
A55: =IFERROR(__xludf.UNSUPPORTED("""COMPUTED_VALUE"""),43544.6666666666) -> 43544.667 | B55: =IFERROR(__xludf.UNSUPPORTED("""COMPUTED_VALUE"""),47.04) -> 47.04 | C55: =(B55-B54)/B54 -> 0.0087926228
A56: =IFERROR(__xludf.UNSUPPORTED("""COMPUTED_VALUE"""),43545.6666666666) -> 43545.667 | B56: =IFERROR(__xludf.UNSUPPORTED("""COMPUTED_VALUE"""),48.77) -> 48.77 | C56: =(B56-B55)/B55 -> 0.036777211
A57: =IFERROR(__xludf.UNSUPPORTED("""COMPUTED_VALUE"""),43546.6666666666) -> 43546.667 | B57: =IFERROR(__xludf.UNSUPPORTED("""COMPUTED_VALUE"""),47.76) -> 47.76 | C57: =(B57-B56)/B56 -> -0.020709453
A58: =IFERROR(__xludf.UNSUPPORTED("""COMPUTED_VALUE"""),43549.6666666666) -> 43549.667 | B58: =IFERROR(__xludf.UNSUPPORTED("""COMPUTED_VALUE"""),47.19) -> 47.19 | C58: =(B58-B57)/B57 -> -0.011934673
A59: =IFERROR(__xludf.UNSUPPORTED("""COMPUTED_VALUE"""),43550.6666666666) -> 43550.667 | B59: =IFERROR(__xludf.UNSUPPORTED("""COMPUTED_VALUE"""),46.7) -> 46.7 | C59: =(B59-B58)/B58 -> -0.010383556
A60: =IFERROR(__xludf.UNSUPPORTED("""COMPUTED_VALUE"""),43551.6666666666) -> 43551.667 | B60: =IFERROR(__xludf.UNSUPPORTED("""COMPUTED_VALUE"""),47.12) -> 47.12 | C60: =(B60-B59)/B59 -> 0.008993576
A61: =IFERROR(__xludf.UNSUPPORTED("""COMPUTED_VALUE"""),43552.6666666666) -> 43552.667 | B61: =IFERROR(__xludf.UNSUPPORTED("""COMPUTED_VALUE"""),47.18) -> 47.18 | C61: =(B61-B60)/B60 -> 0.0012733447
A62: =IFERROR(__xludf.UNSUPPORTED("""COMPUTED_VALUE"""),43553.6666666666) -> 43553.667 | B62: =IFERROR(__xludf.UNSUPPORTED("""COMPUTED_VALUE"""),47.49) -> 47.49 | C62: =(B62-B61)/B61 -> 0.0065705808
A63: =IFERROR(__xludf.UNSUPPORTED("""COMPUTED_VALUE"""),43556.6666666666) -> 43556.667 | B63: =IFERROR(__xludf.UNSUPPORTED("""COMPUTED_VALUE"""),47.81) -> 47.81 | C63: =(B63-B62)/B62 -> 0.0067382607
A64: =IFERROR(__xludf.UNSUPPORTED("""COMPUTED_VALUE"""),43557.6666666666) -> 43557.667 | B64: =IFERROR(__xludf.UNSUPPORTED("""COMPUTED_VALUE"""),48.51) -> 48.51 | C64: =(B64-B63)/B63 -> 0.014641288
A65: =IFERROR(__xludf.UNSUPPORTED("""COMPUTED_VALUE"""),43558.6666666666) -> 43558.667 | B65: =IFERROR(__xludf.UNSUPPORTED("""COMPUTED_VALUE"""),48.84) -> 48.84 | C65: =(B65-B64)/B64 -> 0.0068027211
A66: =IFERROR(__xludf.UNSUPPORTED("""COMPUTED_VALUE"""),43559.6666666666) -> 43559.667 | B66: =IFERROR(__xludf.UNSUPPORTED("""COMPUTED_VALUE"""),48.92) -> 48.92 | C66: =(B66-B65)/B65 -> 0.0016380016
A67: =IFERROR(__xludf.UNSUPPORTED("""COMPUTED_VALUE"""),43560.6666666666) -> 43560.667 | B67: =IFERROR(__xludf.UNSUPPORTED("""COMPUTED_VALUE"""),49.25) -> 49.25 | C67: =(B67-B66)/B66 -> 0.0067457073
A68: =IFERROR(__xludf.UNSUPPORTED("""COMPUTED_VALUE"""),43563.6666666666) -> 43563.667 | B68: =IFERROR(__xludf.UNSUPPORTED("""COMPUTED_VALUE"""),50.03) -> 50.03 | C68: =(B68-B67)/B67 -> 0.015837563
A69: =IFERROR(__xludf.UNSUPPORTED("""COMPUTED_VALUE"""),43564.6666666666) -> 43564.667 | B69: =IFERROR(__xludf.UNSUPPORTED("""COMPUTED_VALUE"""),49.88) -> 49.88 | C69: =(B69-B68)/B68 -> -0.0029982011
A70: =IFERROR(__xludf.UNSUPPORTED("""COMPUTED_VALUE"""),43565.6666666666) -> 43565.667 | B70: =IFERROR(__xludf.UNSUPPORTED("""COMPUTED_VALUE"""),50.16) -> 50.16 | C70: =(B70-B69)/B69 -> 0.0056134723
A71: =IFERROR(__xludf.UNSUPPORTED("""COMPUTED_VALUE"""),43566.6666666666) -> 43566.667 | B71: =IFERROR(__xludf.UNSUPPORTED("""COMPUTED_VALUE"""),49.74) -> 49.74 | C71: =(B71-B70)/B70 -> -0.0083732057
A72: =IFERROR(__xludf.UNSUPPORTED("""COMPUTED_VALUE"""),43567.6666666666) -> 43567.667 | B72: =IFERROR(__xludf.UNSUPPORTED("""COMPUTED_VALUE"""),49.72) -> 49.72 | C72: =(B72-B71)/B71 -> -0.00040209087
A73: =IFERROR(__xludf.UNSUPPORTED("""COMPUTED_VALUE"""),43570.6666666666) -> 43570.667 | B73: =IFERROR(__xludf.UNSUPPORTED("""COMPUTED_VALUE"""),49.81) -> 49.81 | C73: =(B73-B72)/B72 -> 0.0018101368
A74: =IFERROR(__xludf.UNSUPPORTED("""COMPUTED_VALUE"""),43571.6666666666) -> 43571.667 | B74: =IFERROR(__xludf.UNSUPPORTED("""COMPUTED_VALUE"""),49.81) -> 49.81 | C74: =(B74-B73)/B73 -> 0
A75: =IFERROR(__xludf.UNSUPPORTED("""COMPUTED_VALUE"""),43572.6666666666) -> 43572.667 | B75: =IFERROR(__xludf.UNSUPPORTED("""COMPUTED_VALUE"""),50.78) -> 50.78 | C75: =(B75-B74)/B74 -> 0.019474001
A76: =IFERROR(__xludf.UNSUPPORTED("""COMPUTED_VALUE"""),43573.6666666666) -> 43573.667 | B76: =IFERROR(__xludf.UNSUPPORTED("""COMPUTED_VALUE"""),50.97) -> 50.97 | C76: =(B76-B75)/B75 -> 0.0037416306
A77: =IFERROR(__xludf.UNSUPPORTED("""COMPUTED_VALUE"""),43577.6666666666) -> 43577.667 | B77: =IFERROR(__xludf.UNSUPPORTED("""COMPUTED_VALUE"""),51.13) -> 51.13 | C77: =(B77-B76)/B76 -> 0.0031391014
A78: =IFERROR(__xludf.UNSUPPORTED("""COMPUTED_VALUE"""),43578.6666666666) -> 43578.667 | B78: =IFERROR(__xludf.UNSUPPORTED("""COMPUTED_VALUE"""),51.87) -> 51.87 | C78: =(B78-B77)/B77 -> 0.014472912
A79: =IFERROR(__xludf.UNSUPPORTED("""COMPUTED_VALUE"""),43579.6666666666) -> 43579.667 | B79: =IFERROR(__xludf.UNSUPPORTED("""COMPUTED_VALUE"""),51.79) -> 51.79 | C79: =(B79-B78)/B78 -> -0.0015423173
A80: =IFERROR(__xludf.UNSUPPORTED("""COMPUTED_VALUE"""),43580.6666666666) -> 43580.667 | B80: =IFERROR(__xludf.UNSUPPORTED("""COMPUTED_VALUE"""),51.32) -> 51.32 | C80: =(B80-B79)/B79 -> -0.009075111
A81: =IFERROR(__xludf.UNSUPPORTED("""COMPUTED_VALUE"""),43581.6666666666) -> 43581.667 | B81: =IFERROR(__xludf.UNSUPPORTED("""COMPUTED_VALUE"""),51.08) -> 51.08 | C81: =(B81-B80)/B80 -> -0.0046765394
A82: =IFERROR(__xludf.UNSUPPORTED("""COMPUTED_VALUE"""),43584.6666666666) -> 43584.667 | B82: =IFERROR(__xludf.UNSUPPORTED("""COMPUTED_VALUE"""),51.15) -> 51.15 | C82: =(B82-B81)/B81 -> 0.0013703994
A83: =IFERROR(__xludf.UNSUPPORTED("""COMPUTED_VALUE"""),43585.6666666666) -> 43585.667 | B83: =IFERROR(__xludf.UNSUPPORTED("""COMPUTED_VALUE"""),50.17) -> 50.17 | C83: =(B83-B82)/B82 -> -0.019159335
A84: =IFERROR(__xludf.UNSUPPORTED("""COMPUTED_VALUE"""),43586.6666666666) -> 43586.667 | B84: =IFERROR(__xludf.UNSUPPORTED("""COMPUTED_VALUE"""),52.63) -> 52.63 | C84: =(B84-B83)/B83 -> 0.049033287
A85: =IFERROR(__xludf.UNSUPPORTED("""COMPUTED_VALUE"""),43587.6666666666) -> 43587.667 | B85: =IFERROR(__xludf.UNSUPPORTED("""COMPUTED_VALUE"""),52.29) -> 52.29 | C85: =(B85-B84)/B84 -> -0.0064601938
A86: =IFERROR(__xludf.UNSUPPORTED("""COMPUTED_VALUE"""),43588.6666666666) -> 43588.667 | B86: =IFERROR(__xludf.UNSUPPORTED("""COMPUTED_VALUE"""),52.94) -> 52.94 | C86: =(B86-B85)/B85 -> 0.012430675
A87: =IFERROR(__xludf.UNSUPPORTED("""COMPUTED_VALUE"""),43591.6666666666) -> 43591.667 | B87: =IFERROR(__xludf.UNSUPPORTED("""COMPUTED_VALUE"""),52.12) -> 52.12 | C87: =(B87-B86)/B86 -> -0.015489233
A88: =IFERROR(__xludf.UNSUPPORTED("""COMPUTED_VALUE"""),43592.6666666666) -> 43592.667 | B88: =IFERROR(__xludf.UNSUPPORTED("""COMPUTED_VALUE"""),50.72) -> 50.72 | C88: =(B88-B87)/B87 -> -0.02686109
A89: =IFERROR(__xludf.UNSUPPORTED("""COMPUTED_VALUE"""),43593.6666666666) -> 43593.667 | B89: =IFERROR(__xludf.UNSUPPORTED("""COMPUTED_VALUE"""),50.73) -> 50.73 | C89: =(B89-B88)/B88 -> 0.00019716088
A90: =IFERROR(__xludf.UNSUPPORTED("""COMPUTED_VALUE"""),43594.6666666666) -> 43594.667 | B90: =IFERROR(__xludf.UNSUPPORTED("""COMPUTED_VALUE"""),50.18) -> 50.18 | C90: =(B90-B89)/B89 -> -0.010841711
A91: =IFERROR(__xludf.UNSUPPORTED("""COMPUTED_VALUE"""),43595.6666666666) -> 43595.667 | B91: =IFERROR(__xludf.UNSUPPORTED("""COMPUTED_VALUE"""),49.3) -> 49.3 | C91: =(B91-B90)/B90 -> -0.017536867
A92: =IFERROR(__xludf.UNSUPPORTED("""COMPUTED_VALUE"""),43598.6666666666) -> 43598.667 | B92: =IFERROR(__xludf.UNSUPPORTED("""COMPUTED_VALUE"""),46.43) -> 46.43 | C92: =(B92-B91)/B91 -> -0.05821501
A93: =IFERROR(__xludf.UNSUPPORTED("""COMPUTED_VALUE"""),43599.6666666666) -> 43599.667 | B93: =IFERROR(__xludf.UNSUPPORTED("""COMPUTED_VALUE"""),47.17) -> 47.17 | C93: =(B93-B92)/B92 -> 0.015937971
A94: =IFERROR(__xludf.UNSUPPORTED("""COMPUTED_VALUE"""),43600.6666666666) -> 43600.667 | B94: =IFERROR(__xludf.UNSUPPORTED("""COMPUTED_VALUE"""),47.73) -> 47.73 | C94: =(B94-B93)/B93 -> 0.011871953
A95: =IFERROR(__xludf.UNSUPPORTED("""COMPUTED_VALUE"""),43601.6666666666) -> 43601.667 | B95: =IFERROR(__xludf.UNSUPPORTED("""COMPUTED_VALUE"""),47.52) -> 47.52 | C95: =(B95-B94)/B94 -> -0.0043997486
A96: =IFERROR(__xludf.UNSUPPORTED("""COMPUTED_VALUE"""),43602.6666666666) -> 43602.667 | B96: =IFERROR(__xludf.UNSUPPORTED("""COMPUTED_VALUE"""),47.25) -> 47.25 | C96: =(B96-B95)/B95 -> -0.0056818182
A97: =IFERROR(__xludf.UNSUPPORTED("""COMPUTED_VALUE"""),43605.6666666666) -> 43605.667 | B97: =IFERROR(__xludf.UNSUPPORTED("""COMPUTED_VALUE"""),45.77) -> 45.77 | C97: =(B97-B96)/B96 -> -0.031322751
A98: =IFERROR(__xludf.UNSUPPORTED("""COMPUTED_VALUE"""),43606.6666666666) -> 43606.667 | B98: =IFERROR(__xludf.UNSUPPORTED("""COMPUTED_VALUE"""),46.65) -> 46.65 | C98: =(B98-B97)/B97 -> 0.019226568
A99: =IFERROR(__xludf.UNSUPPORTED("""COMPUTED_VALUE"""),43607.6666666666) -> 43607.667 | B99: =IFERROR(__xludf.UNSUPPORTED("""COMPUTED_VALUE"""),45.7) -> 45.7 | C99: =(B99-B98)/B98 -> -0.020364416
A100: =IFERROR(__xludf.UNSUPPORTED("""COMPUTED_VALUE"""),43608.6666666666) -> 43608.667 | B100: =IFERROR(__xludf.UNSUPPORTED("""COMPUTED_VALUE"""),44.92) -> 44.92 | C100: =(B100-B99)/B99 -> -0.017067834
...

Sheet MSFT
A1: =IFERROR(__xludf.UNSUPPORTED(GOOGLEFINANCE("MSFT", "price", "01/01/2019", "01/22/2026", "DAILY")),"Date") -> Date | B1: =IFERROR(__xludf.UNSUPPORTED("""COMPUTED_VALUE"""),"Close") -> Close | C1: daily_return | E1: avg_daily_return | F1: volatility | G1: annualized_return | H1: annualized_volatility
A2: =IFERROR(__xludf.UNSUPPORTED("""COMPUTED_VALUE"""),43467.6666666666) -> 43467.667 | B2: =IFERROR(__xludf.UNSUPPORTED("""COMPUTED_VALUE"""),101.12) -> 101.12 | E2: =AVERAGE(C3:C1773) -> 0.0010041431 | F2: =_xlfn.STDEV.S(C3:C1773) -> 0.017861536 | G2: =E2*252 -> 0.25304406 | H2: =F2*SQRT(252) -> 0.28354309
A3: =IFERROR(__xludf.UNSUPPORTED("""COMPUTED_VALUE"""),43468.6666666666) -> 43468.667 | B3: =IFERROR(__xludf.UNSUPPORTED("""COMPUTED_VALUE"""),97.4) -> 97.4 | C3: =(B3-B2)/B2 -> -0.036787975
A4: =IFERROR(__xludf.UNSUPPORTED("""COMPUTED_VALUE"""),43469.6666666666) -> 43469.667 | B4: =IFERROR(__xludf.UNSUPPORTED("""COMPUTED_VALUE"""),101.93) -> 101.93 | C4: =(B4-B3)/B3 -> 0.04650924
A5: =IFERROR(__xludf.UNSUPPORTED("""COMPUTED_VALUE"""),43472.6666666666) -> 43472.667 | B5: =IFERROR(__xludf.UNSUPPORTED("""COMPUTED_VALUE"""),102.06) -> 102.06 | C5: =(B5-B4)/B4 -> 0.0012753851
A6: =IFERROR(__xludf.UNSUPPORTED("""COMPUTED_VALUE"""),43473.6666666666) -> 43473.667 | B6: =IFERROR(__xludf.UNSUPPORTED("""COMPUTED_VALUE"""),102.8) -> 102.8 | C6: =(B6-B5)/B5 -> 0.0072506369
A7: =IFERROR(__xludf.UNSUPPORTED("""COMPUTED_VALUE"""),43474.6666666666) -> 43474.667 | B7: =IFERROR(__xludf.UNSUPPORTED("""COMPUTED_VALUE"""),104.27) -> 104.27 | C7: =(B7-B6)/B6 -> 0.014299611
A8: =IFERROR(__xludf.UNSUPPORTED("""COMPUTED_VALUE"""),43475.6666666666) -> 43475.667 | B8: =IFERROR(__xludf.UNSUPPORTED("""COMPUTED_VALUE"""),103.6) -> 103.6 | C8: =(B8-B7)/B7 -> -0.0064256258
A9: =IFERROR(__xludf.UNSUPPORTED("""COMPUTED_VALUE"""),43476.6666666666) -> 43476.667 | B9: =IFERROR(__xludf.UNSUPPORTED("""COMPUTED_VALUE"""),102.8) -> 102.8 | C9: =(B9-B8)/B8 -> -0.0077220077
A10: =IFERROR(__xludf.UNSUPPORTED("""COMPUTED_VALUE"""),43479.6666666666) -> 43479.667 | B10: =IFERROR(__xludf.UNSUPPORTED("""COMPUTED_VALUE"""),102.05) -> 102.05 | C10: =(B10-B9)/B9 -> -0.0072957198
A11: =IFERROR(__xludf.UNSUPPORTED("""COMPUTED_VALUE"""),43480.6666666666) -> 43480.667 | B11: =IFERROR(__xludf.UNSUPPORTED("""COMPUTED_VALUE"""),105.01) -> 105.01 | C11: =(B11-B10)/B10 -> 0.02900539
A12: =IFERROR(__xludf.UNSUPPORTED("""COMPUTED_VALUE"""),43481.6666666666) -> 43481.667 | B12: =IFERROR(__xludf.UNSUPPORTED("""COMPUTED_VALUE"""),105.38) -> 105.38 | C12: =(B12-B11)/B11 -> 0.003523474
A13: =IFERROR(__xludf.UNSUPPORTED("""COMPUTED_VALUE"""),43482.6666666666) -> 43482.667 | B13: =IFERROR(__xludf.UNSUPPORTED("""COMPUTED_VALUE"""),106.12) -> 106.12 | C13: =(B13-B12)/B12 -> 0.0070222054
A14: =IFERROR(__xludf.UNSUPPORTED("""COMPUTED_VALUE"""),43483.6666666666) -> 43483.667 | B14: =IFERROR(__xludf.UNSUPPORTED("""COMPUTED_VALUE"""),107.71) -> 107.71 | C14: =(B14-B13)/B13 -> 0.014983038
A15: =IFERROR(__xludf.UNSUPPORTED("""COMPUTED_VALUE"""),43487.6666666666) -> 43487.667 | B15: =IFERROR(__xludf.UNSUPPORTED("""COMPUTED_VALUE"""),105.68) -> 105.68 | C15: =(B15-B14)/B14 -> -0.018846904
A16: =IFERROR(__xludf.UNSUPPORTED("""COMPUTED_VALUE"""),43488.6666666666) -> 43488.667 | B16: =IFERROR(__xludf.UNSUPPORTED("""COMPUTED_VALUE"""),106.71) -> 106.71 | C16: =(B16-B15)/B15 -> 0.0097464042
A17: =IFERROR(__xludf.UNSUPPORTED("""COMPUTED_VALUE"""),43489.6666666666) -> 43489.667 | B17: =IFERROR(__xludf.UNSUPPORTED("""COMPUTED_VALUE"""),106.2) -> 106.2 | C17: =(B17-B16)/B16 -> -0.0047793084
A18: =IFERROR(__xludf.UNSUPPORTED("""COMPUTED_VALUE"""),43490.6666666666) -> 43490.667 | B18: =IFERROR(__xludf.UNSUPPORTED("""COMPUTED_VALUE"""),107.17) -> 107.17 | C18: =(B18-B17)/B17 -> 0.00913371
A19: =IFERROR(__xludf.UNSUPPORTED("""COMPUTED_VALUE"""),43493.6666666666) -> 43493.667 | B19: =IFERROR(__xludf.UNSUPPORTED("""COMPUTED_VALUE"""),105.08) -> 105.08 | C19: =(B19-B18)/B18 -> -0.019501726
A20: =IFERROR(__xludf.UNSUPPORTED("""COMPUTED_VALUE"""),43494.6666666666) -> 43494.667 | B20: =IFERROR(__xludf.UNSUPPORTED("""COMPUTED_VALUE"""),102.94) -> 102.94 | C20: =(B20-B19)/B19 -> -0.020365436
A21: =IFERROR(__xludf.UNSUPPORTED("""COMPUTED_VALUE"""),43495.6666666666) -> 43495.667 | B21: =IFERROR(__xludf.UNSUPPORTED("""COMPUTED_VALUE"""),106.38) -> 106.38 | C21: =(B21-B20)/B20 -> 0.033417525
A22: =IFERROR(__xludf.UNSUPPORTED("""COMPUTED_VALUE"""),43496.6666666666) -> 43496.667 | B22: =IFERROR(__xludf.UNSUPPORTED("""COMPUTED_VALUE"""),104.43) -> 104.43 | C22: =(B22-B21)/B21 -> -0.018330513
A23: =IFERROR(__xludf.UNSUPPORTED("""COMPUTED_VALUE"""),43497.6666666666) -> 43497.667 | B23: =IFERROR(__xludf.UNSUPPORTED("""COMPUTED_VALUE"""),102.78) -> 102.78 | C23: =(B23-B22)/B22 -> -0.015800057
A24: =IFERROR(__xludf.UNSUPPORTED("""COMPUTED_VALUE"""),43500.6666666666) -> 43500.667 | B24: =IFERROR(__xludf.UNSUPPORTED("""COMPUTED_VALUE"""),105.74) -> 105.74 | C24: =(B24-B23)/B23 -> 0.028799377
A25: =IFERROR(__xludf.UNSUPPORTED("""COMPUTED_VALUE"""),43501.6666666666) -> 43501.667 | B25: =IFERROR(__xludf.UNSUPPORTED("""COMPUTED_VALUE"""),107.22) -> 107.22 | C25: =(B25-B24)/B24 -> 0.013996595
A26: =IFERROR(__xludf.UNSUPPORTED("""COMPUTED_VALUE"""),43502.6666666666) -> 43502.667 | B26: =IFERROR(__xludf.UNSUPPORTED("""COMPUTED_VALUE"""),106.03) -> 106.03 | C26: =(B26-B25)/B25 -> -0.011098676
A27: =IFERROR(__xludf.UNSUPPORTED("""COMPUTED_VALUE"""),43503.6666666666) -> 43503.667 | B27: =IFERROR(__xludf.UNSUPPORTED("""COMPUTED_VALUE"""),105.27) -> 105.27 | C27: =(B27-B26)/B26 -> -0.0071677827
A28: =IFERROR(__xludf.UNSUPPORTED("""COMPUTED_VALUE"""),43504.6666666666) -> 43504.667 | B28: =IFERROR(__xludf.UNSUPPORTED("""COMPUTED_VALUE"""),105.67) -> 105.67 | C28: =(B28-B27)/B27 -> 0.003799753
A29: =IFERROR(__xludf.UNSUPPORTED("""COMPUTED_VALUE"""),43507.6666666666) -> 43507.667 | B29: =IFERROR(__xludf.UNSUPPORTED("""COMPUTED_VALUE"""),105.25) -> 105.25 | C29: =(B29-B28)/B28 -> -0.003974638
A30: =IFERROR(__xludf.UNSUPPORTED("""COMPUTED_VALUE"""),43508.6666666666) -> 43508.667 | B30: =IFERROR(__xludf.UNSUPPORTED("""COMPUTED_VALUE"""),106.89) -> 106.89 | C30: =(B30-B29)/B29 -> 0.015581948
A31: =IFERROR(__xludf.UNSUPPORTED("""COMPUTED_VALUE"""),43509.6666666666) -> 43509.667 | B31: =IFERROR(__xludf.UNSUPPORTED("""COMPUTED_VALUE"""),106.81) -> 106.81 | C31: =(B31-B30)/B30 -> -0.00074843297
A32: =IFERROR(__xludf.UNSUPPORTED("""COMPUTED_VALUE"""),43510.6666666666) -> 43510.667 | B32: =IFERROR(__xludf.UNSUPPORTED("""COMPUTED_VALUE"""),106.9) -> 106.9 | C32: =(B32-B31)/B31 -> 0.00084261773
A33: =IFERROR(__xludf.UNSUPPORTED("""COMPUTED_VALUE"""),43511.6666666666) -> 43511.667 | B33: =IFERROR(__xludf.UNSUPPORTED("""COMPUTED_VALUE"""),108.22) -> 108.22 | C33: =(B33-B32)/B32 -> 0.012347989
A34: =IFERROR(__xludf.UNSUPPORTED("""COMPUTED_VALUE"""),43515.6666666666) -> 43515.667 | B34: =IFERROR(__xludf.UNSUPPORTED("""COMPUTED_VALUE"""),108.17) -> 108.17 | C34: =(B34-B33)/B33 -> -0.00046202181
A35: =IFERROR(__xludf.UNSUPPORTED("""COMPUTED_VALUE"""),43516.6666666666) -> 43516.667 | B35: =IFERROR(__xludf.UNSUPPORTED("""COMPUTED_VALUE"""),107.15) -> 107.15 | C35: =(B35-B34)/B34 -> -0.0094296016
A36: =IFERROR(__xludf.UNSUPPORTED("""COMPUTED_VALUE"""),43517.6666666666) -> 43517.667 | B36: =IFERROR(__xludf.UNSUPPORTED("""COMPUTED_VALUE"""),109.41) -> 109.41 | C36: =(B36-B35)/B35 -> 0.021091927
A37: =IFERROR(__xludf.UNSUPPORTED("""COMPUTED_VALUE"""),43518.6666666666) -> 43518.667 | B37: =IFERROR(__xludf.UNSUPPORTED("""COMPUTED_VALUE"""),110.97) -> 110.97 | C37: =(B37-B36)/B36 -> 0.014258294
A38: =IFERROR(__xludf.UNSUPPORTED("""COMPUTED_VALUE"""),43521.6666666666) -> 43521.667 | B38: =IFERROR(__xludf.UNSUPPORTED("""COMPUTED_VALUE"""),111.59) -> 111.59 | C38: =(B38-B37)/B37 -> 0.0055870956
A39: =IFERROR(__xludf.UNSUPPORTED("""COMPUTED_VALUE"""),43522.6666666666) -> 43522.667 | B39: =IFERROR(__xludf.UNSUPPORTED("""COMPUTED_VALUE"""),112.36) -> 112.36 | C39: =(B39-B38)/B38 -> 0.0069002599
A40: =IFERROR(__xludf.UNSUPPORTED("""COMPUTED_VALUE"""),43523.6666666666) -> 43523.667 | B40: =IFERROR(__xludf.UNSUPPORTED("""COMPUTED_VALUE"""),112.17) -> 112.17 | C40: =(B40-B39)/B39 -> -0.0016909932
A41: =IFERROR(__xludf.UNSUPPORTED("""COMPUTED_VALUE"""),43524.6666666666) -> 43524.667 | B41: =IFERROR(__xludf.UNSUPPORTED("""COMPUTED_VALUE"""),112.03) -> 112.03 | C41: =(B41-B40)/B40 -> -0.0012481056
A42: =IFERROR(__xludf.UNSUPPORTED("""COMPUTED_VALUE"""),43525.6666666666) -> 43525.667 | B42: =IFERROR(__xludf.UNSUPPORTED("""COMPUTED_VALUE"""),112.53) -> 112.53 | C42: =(B42-B41)/B41 -> 0.0044630902
A43: =IFERROR(__xludf.UNSUPPORTED("""COMPUTED_VALUE"""),43528.6666666666) -> 43528.667 | B43: =IFERROR(__xludf.UNSUPPORTED("""COMPUTED_VALUE"""),112.26) -> 112.26 | C43: =(B43-B42)/B42 -> -0.0023993602
A44: =IFERROR(__xludf.UNSUPPORTED("""COMPUTED_VALUE"""),43529.6666666666) -> 43529.667 | B44: =IFERROR(__xludf.UNSUPPORTED("""COMPUTED_VALUE"""),111.7) -> 111.7 | C44: =(B44-B43)/B43 -> -0.0049884197
A45: =IFERROR(__xludf.UNSUPPORTED("""COMPUTED_VALUE"""),43530.6666666666) -> 43530.667 | B45: =IFERROR(__xludf.UNSUPPORTED("""COMPUTED_VALUE"""),111.75) -> 111.75 | C45: =(B45-B44)/B44 -> 0.00044762757
A46: =IFERROR(__xludf.UNSUPPORTED("""COMPUTED_VALUE"""),43531.6666666666) -> 43531.667 | B46: =IFERROR(__xludf.UNSUPPORTED("""COMPUTED_VALUE"""),110.39) -> 110.39 | C46: =(B46-B45)/B45 -> -0.012170022
A47: =IFERROR(__xludf.UNSUPPORTED("""COMPUTED_VALUE"""),43532.6666666666) -> 43532.667 | B47: =IFERROR(__xludf.UNSUPPORTED("""COMPUTED_VALUE"""),110.51) -> 110.51 | C47: =(B47-B46)/B46 -> 0.001087055
A48: =IFERROR(__xludf.UNSUPPORTED("""COMPUTED_VALUE"""),43535.6666666666) -> 43535.667 | B48: =IFERROR(__xludf.UNSUPPORTED("""COMPUTED_VALUE"""),112.83) -> 112.83 | C48: =(B48-B47)/B47 -> 0.020993575
A49: =IFERROR(__xludf.UNSUPPORTED("""COMPUTED_VALUE"""),43536.6666666666) -> 43536.667 | B49: =IFERROR(__xludf.UNSUPPORTED("""COMPUTED_VALUE"""),113.62) -> 113.62 | C49: =(B49-B48)/B48 -> 0.0070016839
A50: =IFERROR(__xludf.UNSUPPORTED("""COMPUTED_VALUE"""),43537.6666666666) -> 43537.667 | B50: =IFERROR(__xludf.UNSUPPORTED("""COMPUTED_VALUE"""),114.5) -> 114.5 | C50: =(B50-B49)/B49 -> 0.0077451153
A51: =IFERROR(__xludf.UNSUPPORTED("""COMPUTED_VALUE"""),43538.6666666666) -> 43538.667 | B51: =IFERROR(__xludf.UNSUPPORTED("""COMPUTED_VALUE"""),114.59) -> 114.59 | C51: =(B51-B50)/B50 -> 0.0007860262
A52: =IFERROR(__xludf.UNSUPPORTED("""COMPUTED_VALUE"""),43539.6666666666) -> 43539.667 | B52: =IFERROR(__xludf.UNSUPPORTED("""COMPUTED_VALUE"""),115.91) -> 115.91 | C52: =(B52-B51)/B51 -> 0.01151933
A53: =IFERROR(__xludf.UNSUPPORTED("""COMPUTED_VALUE"""),43542.6666666666) -> 43542.667 | B53: =IFERROR(__xludf.UNSUPPORTED("""COMPUTED_VALUE"""),117.57) -> 117.57 | C53: =(B53-B52)/B52 -> 0.014321456
A54: =IFERROR(__xludf.UNSUPPORTED("""COMPUTED_VALUE"""),43543.6666666666) -> 43543.667 | B54: =IFERROR(__xludf.UNSUPPORTED("""COMPUTED_VALUE"""),117.65) -> 117.65 | C54: =(B54-B53)/B53 -> 0.00068044569
A55: =IFERROR(__xludf.UNSUPPORTED("""COMPUTED_VALUE"""),43544.6666666666) -> 43544.667 | B55: =IFERROR(__xludf.UNSUPPORTED("""COMPUTED_VALUE"""),117.52) -> 117.52 | C55: =(B55-B54)/B54 -> -0.0011049724
A56: =IFERROR(__xludf.UNSUPPORTED("""COMPUTED_VALUE"""),43545.6666666666) -> 43545.667 | B56: =IFERROR(__xludf.UNSUPPORTED("""COMPUTED_VALUE"""),120.22) -> 120.22 | C56: =(B56-B55)/B55 -> 0.022974813
A57: =IFERROR(__xludf.UNSUPPORTED("""COMPUTED_VALUE"""),43546.6666666666) -> 43546.667 | B57: =IFERROR(__xludf.UNSUPPORTED("""COMPUTED_VALUE"""),117.05) -> 117.05 | C57: =(B57-B56)/B56 -> -0.026368325
A58: =IFERROR(__xludf.UNSUPPORTED("""COMPUTED_VALUE"""),43549.6666666666) -> 43549.667 | B58: =IFERROR(__xludf.UNSUPPORTED("""COMPUTED_VALUE"""),117.66) -> 117.66 | C58: =(B58-B57)/B57 -> 0.0052114481
A59: =IFERROR(__xludf.UNSUPPORTED("""COMPUTED_VALUE"""),43550.6666666666) -> 43550.667 | B59: =IFERROR(__xludf.UNSUPPORTED("""COMPUTED_VALUE"""),117.91) -> 117.91 | C59: =(B59-B58)/B58 -> 0.0021247663
A60: =IFERROR(__xludf.UNSUPPORTED("""COMPUTED_VALUE"""),43551.6666666666) -> 43551.667 | B60: =IFERROR(__xludf.UNSUPPORTED("""COMPUTED_VALUE"""),116.77) -> 116.77 | C60: =(B60-B59)/B59 -> -0.0096683911
A61: =IFERROR(__xludf.UNSUPPORTED("""COMPUTED_VALUE"""),43552.6666666666) -> 43552.667 | B61: =IFERROR(__xludf.UNSUPPORTED("""COMPUTED_VALUE"""),116.93) -> 116.93 | C61: =(B61-B60)/B60 -> 0.001370215
A62: =IFERROR(__xludf.UNSUPPORTED("""COMPUTED_VALUE"""),43553.6666666666) -> 43553.667 | B62: =IFERROR(__xludf.UNSUPPORTED("""COMPUTED_VALUE"""),117.94) -> 117.94 | C62: =(B62-B61)/B61 -> 0.0086376465
A63: =IFERROR(__xludf.UNSUPPORTED("""COMPUTED_VALUE"""),43556.6666666666) -> 43556.667 | B63: =IFERROR(__xludf.UNSUPPORTED("""COMPUTED_VALUE"""),119.02) -> 119.02 | C63: =(B63-B62)/B62 -> 0.0091571986
A64: =IFERROR(__xludf.UNSUPPORTED("""COMPUTED_VALUE"""),43557.6666666666) -> 43557.667 | B64: =IFERROR(__xludf.UNSUPPORTED("""COMPUTED_VALUE"""),119.19) -> 119.19 | C64: =(B64-B63)/B63 -> 0.0014283314
A65: =IFERROR(__xludf.UNSUPPORTED("""COMPUTED_VALUE"""),43558.6666666666) -> 43558.667 | B65: =IFERROR(__xludf.UNSUPPORTED("""COMPUTED_VALUE"""),119.97) -> 119.97 | C65: =(B65-B64)/B64 -> 0.0065441732
A66: =IFERROR(__xludf.UNSUPPORTED("""COMPUTED_VALUE"""),43559.6666666666) -> 43559.667 | B66: =IFERROR(__xludf.UNSUPPORTED("""COMPUTED_VALUE"""),119.36) -> 119.36 | C66: =(B66-B65)/B65 -> -0.0050846045
A67: =IFERROR(__xludf.UNSUPPORTED("""COMPUTED_VALUE"""),43560.6666666666) -> 43560.667 | B67: =IFERROR(__xludf.UNSUPPORTED("""COMPUTED_VALUE"""),119.89) -> 119.89 | C67: =(B67-B66)/B66 -> 0.0044403485
A68: =IFERROR(__xludf.UNSUPPORTED("""COMPUTED_VALUE"""),43563.6666666666) -> 43563.667 | B68: =IFERROR(__xludf.UNSUPPORTED("""COMPUTED_VALUE"""),119.93) -> 119.93 | C68: =(B68-B67)/B67 -> 0.00033363917
A69: =IFERROR(__xludf.UNSUPPORTED("""COMPUTED_VALUE"""),43564.6666666666) -> 43564.667 | B69: =IFERROR(__xludf.UNSUPPORTED("""COMPUTED_VALUE"""),119.28) -> 119.28 | C69: =(B69-B68)/B68 -> -0.0054198282
A70: =IFERROR(__xludf.UNSUPPORTED("""COMPUTED_VALUE"""),43565.6666666666) -> 43565.667 | B70: =IFERROR(__xludf.UNSUPPORTED("""COMPUTED_VALUE"""),120.19) -> 120.19 | C70: =(B70-B69)/B69 -> 0.007629108
A71: =IFERROR(__xludf.UNSUPPORTED("""COMPUTED_VALUE"""),43566.6666666666) -> 43566.667 | B71: =IFERROR(__xludf.UNSUPPORTED("""COMPUTED_VALUE"""),120.33) -> 120.33 | C71: =(B71-B70)/B70 -> 0.0011648224
A72: =IFERROR(__xludf.UNSUPPORTED("""COMPUTED_VALUE"""),43567.6666666666) -> 43567.667 | B72: =IFERROR(__xludf.UNSUPPORTED("""COMPUTED_VALUE"""),120.95) -> 120.95 | C72: =(B72-B71)/B71 -> 0.0051524973
A73: =IFERROR(__xludf.UNSUPPORTED("""COMPUTED_VALUE"""),43570.6666666666) -> 43570.667 | B73: =IFERROR(__xludf.UNSUPPORTED("""COMPUTED_VALUE"""),121.05) -> 121.05 | C73: =(B73-B72)/B72 -> 0.00082678793
A74: =IFERROR(__xludf.UNSUPPORTED("""COMPUTED_VALUE"""),43571.6666666666) -> 43571.667 | B74: =IFERROR(__xludf.UNSUPPORTED("""COMPUTED_VALUE"""),120.77) -> 120.77 | C74: =(B74-B73)/B73 -> -0.0023130938
A75: =IFERROR(__xludf.UNSUPPORTED("""COMPUTED_VALUE"""),43572.6666666666) -> 43572.667 | B75: =IFERROR(__xludf.UNSUPPORTED("""COMPUTED_VALUE"""),121.77) -> 121.77 | C75: =(B75-B74)/B74 -> 0.008280202
A76: =IFERROR(__xludf.UNSUPPORTED("""COMPUTED_VALUE"""),43573.6666666666) -> 43573.667 | B76: =IFERROR(__xludf.UNSUPPORTED("""COMPUTED_VALUE"""),123.37) -> 123.37 | C76: =(B76-B75)/B75 -> 0.013139525
A77: =IFERROR(__xludf.UNSUPPORTED("""COMPUTED_VALUE"""),43577.6666666666) -> 43577.667 | B77: =IFERROR(__xludf.UNSUPPORTED("""COMPUTED_VALUE"""),123.76) -> 123.76 | C77: =(B77-B76)/B76 -> 0.0031612223
A78: =IFERROR(__xludf.UNSUPPORTED("""COMPUTED_VALUE"""),43578.6666666666) -> 43578.667 | B78: =IFERROR(__xludf.UNSUPPORTED("""COMPUTED_VALUE"""),125.44) -> 125.44 | C78: =(B78-B77)/B77 -> 0.013574661
A79: =IFERROR(__xludf.UNSUPPORTED("""COMPUTED_VALUE"""),43579.6666666666) -> 43579.667 | B79: =IFERROR(__xludf.UNSUPPORTED("""COMPUTED_VALUE"""),125.01) -> 125.01 | C79: =(B79-B78)/B78 -> -0.0034279337
A80: =IFERROR(__xludf.UNSUPPORTED("""COMPUTED_VALUE"""),43580.6666666666) -> 43580.667 | B80: =IFERROR(__xludf.UNSUPPORTED("""COMPUTED_VALUE"""),129.15) -> 129.15 | C80: =(B80-B79)/B79 -> 0.033117351
A81: =IFERROR(__xludf.UNSUPPORTED("""COMPUTED_VALUE"""),43581.6666666666) -> 43581.667 | B81: =IFERROR(__xludf.UNSUPPORTED("""COMPUTED_VALUE"""),129.89) -> 129.89 | C81: =(B81-B80)/B80 -> 0.0057297716
A82: =IFERROR(__xludf.UNSUPPORTED("""COMPUTED_VALUE"""),43584.6666666666) -> 43584.667 | B82: =IFERROR(__xludf.UNSUPPORTED("""COMPUTED_VALUE"""),129.77) -> 129.77 | C82: =(B82-B81)/B81 -> -0.00092385865
A83: =IFERROR(__xludf.UNSUPPORTED("""COMPUTED_VALUE"""),43585.6666666666) -> 43585.667 | B83: =IFERROR(__xludf.UNSUPPORTED("""COMPUTED_VALUE"""),130.6) -> 130.6 | C83: =(B83-B82)/B82 -> 0.0063959313
A84: =IFERROR(__xludf.UNSUPPORTED("""COMPUTED_VALUE"""),43586.6666666666) -> 43586.667 | B84: =IFERROR(__xludf.UNSUPPORTED("""COMPUTED_VALUE"""),127.88) -> 127.88 | C84: =(B84-B83)/B83 -> -0.020826953
A85: =IFERROR(__xludf.UNSUPPORTED("""COMPUTED_VALUE"""),43587.6666666666) -> 43587.667 | B85: =IFERROR(__xludf.UNSUPPORTED("""COMPUTED_VALUE"""),126.21) -> 126.21 | C85: =(B85-B84)/B84 -> -0.013059118
A86: =IFERROR(__xludf.UNSUPPORTED("""COMPUTED_VALUE"""),43588.6666666666) -> 43588.667 | B86: =IFERROR(__xludf.UNSUPPORTED("""COMPUTED_VALUE"""),128.9) -> 128.9 | C86: =(B86-B85)/B85 -> 0.021313684
A87: =IFERROR(__xludf.UNSUPPORTED("""COMPUTED_VALUE"""),43591.6666666666) -> 43591.667 | B87: =IFERROR(__xludf.UNSUPPORTED("""COMPUTED_VALUE"""),128.15) -> 128.15 | C87: =(B87-B86)/B86 -> -0.0058184639
A88: =IFERROR(__xludf.UNSUPPORTED("""COMPUTED_VALUE"""),43592.6666666666) -> 43592.667 | B88: =IFERROR(__xludf.UNSUPPORTED("""COMPUTED_VALUE"""),125.52) -> 125.52 | C88: =(B88-B87)/B87 -> -0.020522825
A89: =IFERROR(__xludf.UNSUPPORTED("""COMPUTED_VALUE"""),43593.6666666666) -> 43593.667 | B89: =IFERROR(__xludf.UNSUPPORTED("""COMPUTED_VALUE"""),125.51) -> 125.51 | C89: =(B89-B88)/B88 -> -7.9668579e-05
A90: =IFERROR(__xludf.UNSUPPORTED("""COMPUTED_VALUE"""),43594.6666666666) -> 43594.667 | B90: =IFERROR(__xludf.UNSUPPORTED("""COMPUTED_VALUE"""),125.5) -> 125.5 | C90: =(B90-B89)/B89 -> -7.9674926e-05
A91: =IFERROR(__xludf.UNSUPPORTED("""COMPUTED_VALUE"""),43595.6666666666) -> 43595.667 | B91: =IFERROR(__xludf.UNSUPPORTED("""COMPUTED_VALUE"""),127.13) -> 127.13 | C91: =(B91-B90)/B90 -> 0.012988048
A92: =IFERROR(__xludf.UNSUPPORTED("""COMPUTED_VALUE"""),43598.6666666666) -> 43598.667 | B92: =IFERROR(__xludf.UNSUPPORTED("""COMPUTED_VALUE"""),123.35) -> 123.35 | C92: =(B92-B91)/B91 -> -0.029733344
A93: =IFERROR(__xludf.UNSUPPORTED("""COMPUTED_VALUE"""),43599.6666666666) -> 43599.667 | B93: =IFERROR(__xludf.UNSUPPORTED("""COMPUTED_VALUE"""),124.73) -> 124.73 | C93: =(B93-B92)/B92 -> 0.011187677
A94: =IFERROR(__xludf.UNSUPPORTED("""COMPUTED_VALUE"""),43600.6666666666) -> 43600.667 | B94: =IFERROR(__xludf.UNSUPPORTED("""COMPUTED_VALUE"""),126.02) -> 126.02 | C94: =(B94-B93)/B93 -> 0.010342339
A95: =IFERROR(__xludf.UNSUPPORTED("""COMPUTED_VALUE"""),43601.6666666666) -> 43601.667 | B95: =IFERROR(__xludf.UNSUPPORTED("""COMPUTED_VALUE"""),128.93) -> 128.93 | C95: =(B95-B94)/B94 -> 0.023091573
A96: =IFERROR(__xludf.UNSUPPORTED("""COMPUTED_VALUE"""),43602.6666666666) -> 43602.667 | B96: =IFERROR(__xludf.UNSUPPORTED("""COMPUTED_VALUE"""),128.07) -> 128.07 | C96: =(B96-B95)/B95 -> -0.0066702862
A97: =IFERROR(__xludf.UNSUPPORTED("""COMPUTED_VALUE"""),43605.6666666666) -> 43605.667 | B97: =IFERROR(__xludf.UNSUPPORTED("""COMPUTED_VALUE"""),126.22) -> 126.22 | C97: =(B97-B96)/B96 -> -0.014445225
A98: =IFERROR(__xludf.UNSUPPORTED("""COMPUTED_VALUE"""),43606.6666666666) -> 43606.667 | B98: =IFERROR(__xludf.UNSUPPORTED("""COMPUTED_VALUE"""),126.9) -> 126.9 | C98: =(B98-B97)/B97 -> 0.0053874188
A99: =IFERROR(__xludf.UNSUPPORTED("""COMPUTED_VALUE"""),43607.6666666666) -> 43607.667 | B99: =IFERROR(__xludf.UNSUPPORTED("""COMPUTED_VALUE"""),127.67) -> 127.67 | C99: =(B99-B98)/B98 -> 0.0060677699
A100: =IFERROR(__xludf.UNSUPPORTED("""COMPUTED_VALUE"""),43608.6666666666) -> 43608.667 | B100: =IFERROR(__xludf.UNSUPPORTED("""COMPUTED_VALUE"""),126.18) -> 126.18 | C100: =(B100-B99)/B99 -> -0.011670714
...

Sheet NVDA
A1: =IFERROR(__xludf.UNSUPPORTED(GOOGLEFINANCE("NVDA", "price", "01/01/2019", "01/22/2026", "DAILY")),"Date") -> Date | B1: =IFERROR(__xludf.UNSUPPORTED("""COMPUTED_VALUE"""),"Close") -> Close | C1: daily_return | E1: avg_daily_return | F1: volatility | G1: annualized_return | H1: annualized_volatility
A2: =IFERROR(__xludf.UNSUPPORTED("""COMPUTED_VALUE"""),43467.6666666666) -> 43467.667 | B2: =IFERROR(__xludf.UNSUPPORTED("""COMPUTED_VALUE"""),3.41) -> 3.41 | E2: =AVERAGE(C3:C1772) -> 0.002780412 | F2: =_xlfn.STDEV.S(C3:C1772) -> 0.032414412 | G2: =E2*252 -> 0.70066381 | H2: =F2*SQRT(252) -> 0.51456284
A3: =IFERROR(__xludf.UNSUPPORTED("""COMPUTED_VALUE"""),43468.6666666666) -> 43468.667 | B3: =IFERROR(__xludf.UNSUPPORTED("""COMPUTED_VALUE"""),3.2) -> 3.2 | C3: =(B3-B2)/B2 -> -0.061583578
A4: =IFERROR(__xludf.UNSUPPORTED("""COMPUTED_VALUE"""),43469.6666666666) -> 43469.667 | B4: =IFERROR(__xludf.UNSUPPORTED("""COMPUTED_VALUE"""),3.4) -> 3.4 | C4: =(B4-B3)/B3 -> 0.0625
A5: =IFERROR(__xludf.UNSUPPORTED("""COMPUTED_VALUE"""),43472.6666666666) -> 43472.667 | B5: =IFERROR(__xludf.UNSUPPORTED("""COMPUTED_VALUE"""),3.59) -> 3.59 | C5: =(B5-B4)/B4 -> 0.055882353
A6: =IFERROR(__xludf.UNSUPPORTED("""COMPUTED_VALUE"""),43473.6666666666) -> 43473.667 | B6: =IFERROR(__xludf.UNSUPPORTED("""COMPUTED_VALUE"""),3.5) -> 3.5 | C6: =(B6-B5)/B5 -> -0.025069638
A7: =IFERROR(__xludf.UNSUPPORTED("""COMPUTED_VALUE"""),43474.6666666666) -> 43474.667 | B7: =IFERROR(__xludf.UNSUPPORTED("""COMPUTED_VALUE"""),3.56) -> 3.56 | C7: =(B7-B6)/B6 -> 0.017142857
A8: =IFERROR(__xludf.UNSUPPORTED("""COMPUTED_VALUE"""),43475.6666666666) -> 43475.667 | B8: =IFERROR(__xludf.UNSUPPORTED("""COMPUTED_VALUE"""),3.63) -> 3.63 | C8: =(B8-B7)/B7 -> 0.019662921
A9: =IFERROR(__xludf.UNSUPPORTED("""COMPUTED_VALUE"""),43476.6666666666) -> 43476.667 | B9: =IFERROR(__xludf.UNSUPPORTED("""COMPUTED_VALUE"""),3.72) -> 3.72 | C9: =(B9-B8)/B8 -> 0.024793388
A10: =IFERROR(__xludf.UNSUPPORTED("""COMPUTED_VALUE"""),43479.6666666666) -> 43479.667 | B10: =IFERROR(__xludf.UNSUPPORTED("""COMPUTED_VALUE"""),3.76) -> 3.76 | C10: =(B10-B9)/B9 -> 0.010752688
A11: =IFERROR(__xludf.UNSUPPORTED("""COMPUTED_VALUE"""),43480.6666666666) -> 43480.667 | B11: =IFERROR(__xludf.UNSUPPORTED("""COMPUTED_VALUE"""),3.75) -> 3.75 | C11: =(B11-B10)/B10 -> -0.0026595745
A12: =IFERROR(__xludf.UNSUPPORTED("""COMPUTED_VALUE"""),43481.6666666666) -> 43481.667 | B12: =IFERROR(__xludf.UNSUPPORTED("""COMPUTED_VALUE"""),3.72) -> 3.72 | C12: =(B12-B11)/B11 -> -0.008
A13: =IFERROR(__xludf.UNSUPPORTED("""COMPUTED_VALUE"""),43482.6666666666) -> 43482.667 | B13: =IFERROR(__xludf.UNSUPPORTED("""COMPUTED_VALUE"""),3.79) -> 3.79 | C13: =(B13-B12)/B12 -> 0.018817204
A14: =IFERROR(__xludf.UNSUPPORTED("""COMPUTED_VALUE"""),43483.6666666666) -> 43483.667 | B14: =IFERROR(__xludf.UNSUPPORTED("""COMPUTED_VALUE"""),3.92) -> 3.92 | C14: =(B14-B13)/B13 -> 0.034300792
A15: =IFERROR(__xludf.UNSUPPORTED("""COMPUTED_VALUE"""),43487.6666666666) -> 43487.667 | B15: =IFERROR(__xludf.UNSUPPORTED("""COMPUTED_VALUE"""),3.72) -> 3.72 | C15: =(B15-B14)/B14 -> -0.051020408
A16: =IFERROR(__xludf.UNSUPPORTED("""COMPUTED_VALUE"""),43488.6666666666) -> 43488.667 | B16: =IFERROR(__xludf.UNSUPPORTED("""COMPUTED_VALUE"""),3.73) -> 3.73 | C16: =(B16-B15)/B15 -> 0.002688172
A17: =IFERROR(__xludf.UNSUPPORTED("""COMPUTED_VALUE"""),43489.6666666666) -> 43489.667 | B17: =IFERROR(__xludf.UNSUPPORTED("""COMPUTED_VALUE"""),3.95) -> 3.95 | C17: =(B17-B16)/B16 -> 0.058981233
A18: =IFERROR(__xludf.UNSUPPORTED("""COMPUTED_VALUE"""),43490.6666666666) -> 43490.667 | B18: =IFERROR(__xludf.UNSUPPORTED("""COMPUTED_VALUE"""),4) -> 4 | C18: =(B18-B17)/B17 -> 0.012658228
A19: =IFERROR(__xludf.UNSUPPORTED("""COMPUTED_VALUE"""),43493.6666666666) -> 43493.667 | B19: =IFERROR(__xludf.UNSUPPORTED("""COMPUTED_VALUE"""),3.45) -> 3.45 | C19: =(B19-B18)/B18 -> -0.1375
A20: =IFERROR(__xludf.UNSUPPORTED("""COMPUTED_VALUE"""),43494.6666666666) -> 43494.667 | B20: =IFERROR(__xludf.UNSUPPORTED("""COMPUTED_VALUE"""),3.29) -> 3.29 | C20: =(B20-B19)/B19 -> -0.046376812
A21: =IFERROR(__xludf.UNSUPPORTED("""COMPUTED_VALUE"""),43495.6666666666) -> 43495.667 | B21: =IFERROR(__xludf.UNSUPPORTED("""COMPUTED_VALUE"""),3.43) -> 3.43 | C21: =(B21-B20)/B20 -> 0.042553191
A22: =IFERROR(__xludf.UNSUPPORTED("""COMPUTED_VALUE"""),43496.6666666666) -> 43496.667 | B22: =IFERROR(__xludf.UNSUPPORTED("""COMPUTED_VALUE"""),3.59) -> 3.59 | C22: =(B22-B21)/B21 -> 0.04664723
A23: =IFERROR(__xludf.UNSUPPORTED("""COMPUTED_VALUE"""),43497.6666666666) -> 43497.667 | B23: =IFERROR(__xludf.UNSUPPORTED("""COMPUTED_VALUE"""),3.62) -> 3.62 | C23: =(B23-B22)/B22 -> 0.008356546
A24: =IFERROR(__xludf.UNSUPPORTED("""COMPUTED_VALUE"""),43500.6666666666) -> 43500.667 | B24: =IFERROR(__xludf.UNSUPPORTED("""COMPUTED_VALUE"""),3.73) -> 3.73 | C24: =(B24-B23)/B23 -> 0.03038674
A25: =IFERROR(__xludf.UNSUPPORTED("""COMPUTED_VALUE"""),43501.6666666666) -> 43501.667 | B25: =IFERROR(__xludf.UNSUPPORTED("""COMPUTED_VALUE"""),3.75) -> 3.75 | C25: =(B25-B24)/B24 -> 0.0053619303
A26: =IFERROR(__xludf.UNSUPPORTED("""COMPUTED_VALUE"""),43502.6666666666) -> 43502.667 | B26: =IFERROR(__xludf.UNSUPPORTED("""COMPUTED_VALUE"""),3.83) -> 3.83 | C26: =(B26-B25)/B25 -> 0.021333333
A27: =IFERROR(__xludf.UNSUPPORTED("""COMPUTED_VALUE"""),43503.6666666666) -> 43503.667 | B27: =IFERROR(__xludf.UNSUPPORTED("""COMPUTED_VALUE"""),3.69) -> 3.69 | C27: =(B27-B26)/B26 -> -0.036553525
A28: =IFERROR(__xludf.UNSUPPORTED("""COMPUTED_VALUE"""),43504.6666666666) -> 43504.667 | B28: =IFERROR(__xludf.UNSUPPORTED("""COMPUTED_VALUE"""),3.7) -> 3.7 | C28: =(B28-B27)/B27 -> 0.0027100271
A29: =IFERROR(__xludf.UNSUPPORTED("""COMPUTED_VALUE"""),43507.6666666666) -> 43507.667 | B29: =IFERROR(__xludf.UNSUPPORTED("""COMPUTED_VALUE"""),3.66) -> 3.66 | C29: =(B29-B28)/B28 -> -0.010810811
A30: =IFERROR(__xludf.UNSUPPORTED("""COMPUTED_VALUE"""),43508.6666666666) -> 43508.667 | B30: =IFERROR(__xludf.UNSUPPORTED("""COMPUTED_VALUE"""),3.78) -> 3.78 | C30: =(B30-B29)/B29 -> 0.032786885
A31: =IFERROR(__xludf.UNSUPPORTED("""COMPUTED_VALUE"""),43509.6666666666) -> 43509.667 | B31: =IFERROR(__xludf.UNSUPPORTED("""COMPUTED_VALUE"""),3.82) -> 3.82 | C31: =(B31-B30)/B30 -> 0.010582011
A32: =IFERROR(__xludf.UNSUPPORTED("""COMPUTED_VALUE"""),43510.6666666666) -> 43510.667 | B32: =IFERROR(__xludf.UNSUPPORTED("""COMPUTED_VALUE"""),3.86) -> 3.86 | C32: =(B32-B31)/B31 -> 0.010471204
A33: =IFERROR(__xludf.UNSUPPORTED("""COMPUTED_VALUE"""),43511.6666666666) -> 43511.667 | B33: =IFERROR(__xludf.UNSUPPORTED("""COMPUTED_VALUE"""),3.93) -> 3.93 | C33: =(B33-B32)/B32 -> 0.018134715
A34: =IFERROR(__xludf.UNSUPPORTED("""COMPUTED_VALUE"""),43515.6666666666) -> 43515.667 | B34: =IFERROR(__xludf.UNSUPPORTED("""COMPUTED_VALUE"""),3.92) -> 3.92 | C34: =(B34-B33)/B33 -> -0.0025445293
A35: =IFERROR(__xludf.UNSUPPORTED("""COMPUTED_VALUE"""),43516.6666666666) -> 43516.667 | B35: =IFERROR(__xludf.UNSUPPORTED("""COMPUTED_VALUE"""),3.96) -> 3.96 | C35: =(B35-B34)/B34 -> 0.010204082
A36: =IFERROR(__xludf.UNSUPPORTED("""COMPUTED_VALUE"""),43517.6666666666) -> 43517.667 | B36: =IFERROR(__xludf.UNSUPPORTED("""COMPUTED_VALUE"""),3.89) -> 3.89 | C36: =(B36-B35)/B35 -> -0.017676768
A37: =IFERROR(__xludf.UNSUPPORTED("""COMPUTED_VALUE"""),43518.6666666666) -> 43518.667 | B37: =IFERROR(__xludf.UNSUPPORTED("""COMPUTED_VALUE"""),3.98) -> 3.98 | C37: =(B37-B36)/B36 -> 0.023136247
A38: =IFERROR(__xludf.UNSUPPORTED("""COMPUTED_VALUE"""),43521.6666666666) -> 43521.667 | B38: =IFERROR(__xludf.UNSUPPORTED("""COMPUTED_VALUE"""),3.97) -> 3.97 | C38: =(B38-B37)/B37 -> -0.0025125628
A39: =IFERROR(__xludf.UNSUPPORTED("""COMPUTED_VALUE"""),43522.6666666666) -> 43522.667 | B39: =IFERROR(__xludf.UNSUPPORTED("""COMPUTED_VALUE"""),3.93) -> 3.93 | C39: =(B39-B38)/B38 -> -0.010075567
A40: =IFERROR(__xludf.UNSUPPORTED("""COMPUTED_VALUE"""),43523.6666666666) -> 43523.667 | B40: =IFERROR(__xludf.UNSUPPORTED("""COMPUTED_VALUE"""),3.89) -> 3.89 | C40: =(B40-B39)/B39 -> -0.010178117
A41: =IFERROR(__xludf.UNSUPPORTED("""COMPUTED_VALUE"""),43524.6666666666) -> 43524.667 | B41: =IFERROR(__xludf.UNSUPPORTED("""COMPUTED_VALUE"""),3.86) -> 3.86 | C41: =(B41-B40)/B40 -> -0.0077120823
A42: =IFERROR(__xludf.UNSUPPORTED("""COMPUTED_VALUE"""),43525.6666666666) -> 43525.667 | B42: =IFERROR(__xludf.UNSUPPORTED("""COMPUTED_VALUE"""),3.91) -> 3.91 | C42: =(B42-B41)/B41 -> 0.012953368
A43: =IFERROR(__xludf.UNSUPPORTED("""COMPUTED_VALUE"""),43528.6666666666) -> 43528.667 | B43: =IFERROR(__xludf.UNSUPPORTED("""COMPUTED_VALUE"""),3.92) -> 3.92 | C43: =(B43-B42)/B42 -> 0.0025575448
A44: =IFERROR(__xludf.UNSUPPORTED("""COMPUTED_VALUE"""),43529.6666666666) -> 43529.667 | B44: =IFERROR(__xludf.UNSUPPORTED("""COMPUTED_VALUE"""),3.91) -> 3.91 | C44: =(B44-B43)/B43 -> -0.0025510204
A45: =IFERROR(__xludf.UNSUPPORTED("""COMPUTED_VALUE"""),43530.6666666666) -> 43530.667 | B45: =IFERROR(__xludf.UNSUPPORTED("""COMPUTED_VALUE"""),3.8) -> 3.8 | C45: =(B45-B44)/B44 -> -0.028132992
A46: =IFERROR(__xludf.UNSUPPORTED("""COMPUTED_VALUE"""),43531.6666666666) -> 43531.667 | B46: =IFERROR(__xludf.UNSUPPORTED("""COMPUTED_VALUE"""),3.73) -> 3.73 | C46: =(B46-B45)/B45 -> -0.018421053
A47: =IFERROR(__xludf.UNSUPPORTED("""COMPUTED_VALUE"""),43532.6666666666) -> 43532.667 | B47: =IFERROR(__xludf.UNSUPPORTED("""COMPUTED_VALUE"""),3.77) -> 3.77 | C47: =(B47-B46)/B46 -> 0.010723861
A48: =IFERROR(__xludf.UNSUPPORTED("""COMPUTED_VALUE"""),43535.6666666666) -> 43535.667 | B48: =IFERROR(__xludf.UNSUPPORTED("""COMPUTED_VALUE"""),4.03) -> 4.03 | C48: =(B48-B47)/B47 -> 0.068965517
A49: =IFERROR(__xludf.UNSUPPORTED("""COMPUTED_VALUE"""),43536.6666666666) -> 43536.667 | B49: =IFERROR(__xludf.UNSUPPORTED("""COMPUTED_VALUE"""),4.06) -> 4.06 | C49: =(B49-B48)/B48 -> 0.0074441687
A50: =IFERROR(__xludf.UNSUPPORTED("""COMPUTED_VALUE"""),43537.6666666666) -> 43537.667 | B50: =IFERROR(__xludf.UNSUPPORTED("""COMPUTED_VALUE"""),4.22) -> 4.22 | C50: =(B50-B49)/B49 -> 0.039408867
A51: =IFERROR(__xludf.UNSUPPORTED("""COMPUTED_VALUE"""),43538.6666666666) -> 43538.667 | B51: =IFERROR(__xludf.UNSUPPORTED("""COMPUTED_VALUE"""),4.14) -> 4.14 | C51: =(B51-B50)/B50 -> -0.018957346
A52: =IFERROR(__xludf.UNSUPPORTED("""COMPUTED_VALUE"""),43539.6666666666) -> 43539.667 | B52: =IFERROR(__xludf.UNSUPPORTED("""COMPUTED_VALUE"""),4.25) -> 4.25 | C52: =(B52-B51)/B51 -> 0.026570048
A53: =IFERROR(__xludf.UNSUPPORTED("""COMPUTED_VALUE"""),43542.6666666666) -> 43542.667 | B53: =IFERROR(__xludf.UNSUPPORTED("""COMPUTED_VALUE"""),4.22) -> 4.22 | C53: =(B53-B52)/B52 -> -0.0070588235
A54: =IFERROR(__xludf.UNSUPPORTED("""COMPUTED_VALUE"""),43543.6666666666) -> 43543.667 | B54: =IFERROR(__xludf.UNSUPPORTED("""COMPUTED_VALUE"""),4.39) -> 4.39 | C54: =(B54-B53)/B53 -> 0.04028436
A55: =IFERROR(__xludf.UNSUPPORTED("""COMPUTED_VALUE"""),43544.6666666666) -> 43544.667 | B55: =IFERROR(__xludf.UNSUPPORTED("""COMPUTED_VALUE"""),4.36) -> 4.36 | C55: =(B55-B54)/B54 -> -0.006833713
A56: =IFERROR(__xludf.UNSUPPORTED("""COMPUTED_VALUE"""),43545.6666666666) -> 43545.667 | B56: =IFERROR(__xludf.UNSUPPORTED("""COMPUTED_VALUE"""),4.6) -> 4.6 | C56: =(B56-B55)/B55 -> 0.055045872
A57: =IFERROR(__xludf.UNSUPPORTED("""COMPUTED_VALUE"""),43546.6666666666) -> 43546.667 | B57: =IFERROR(__xludf.UNSUPPORTED("""COMPUTED_VALUE"""),4.44) -> 4.44 | C57: =(B57-B56)/B56 -> -0.034782609
A58: =IFERROR(__xludf.UNSUPPORTED("""COMPUTED_VALUE"""),43549.6666666666) -> 43549.667 | B58: =IFERROR(__xludf.UNSUPPORTED("""COMPUTED_VALUE"""),4.34) -> 4.34 | C58: =(B58-B57)/B57 -> -0.022522523
A59: =IFERROR(__xludf.UNSUPPORTED("""COMPUTED_VALUE"""),43550.6666666666) -> 43550.667 | B59: =IFERROR(__xludf.UNSUPPORTED("""COMPUTED_VALUE"""),4.42) -> 4.42 | C59: =(B59-B58)/B58 -> 0.01843318
A60: =IFERROR(__xludf.UNSUPPORTED("""COMPUTED_VALUE"""),43551.6666666666) -> 43551.667 | B60: =IFERROR(__xludf.UNSUPPORTED("""COMPUTED_VALUE"""),4.41) -> 4.41 | C60: =(B60-B59)/B59 -> -0.0022624434
A61: =IFERROR(__xludf.UNSUPPORTED("""COMPUTED_VALUE"""),43552.6666666666) -> 43552.667 | B61: =IFERROR(__xludf.UNSUPPORTED("""COMPUTED_VALUE"""),4.43) -> 4.43 | C61: =(B61-B60)/B60 -> 0.0045351474
A62: =IFERROR(__xludf.UNSUPPORTED("""COMPUTED_VALUE"""),43553.6666666666) -> 43553.667 | B62: =IFERROR(__xludf.UNSUPPORTED("""COMPUTED_VALUE"""),4.49) -> 4.49 | C62: =(B62-B61)/B61 -> 0.013544018
A63: =IFERROR(__xludf.UNSUPPORTED("""COMPUTED_VALUE"""),43556.6666666666) -> 43556.667 | B63: =IFERROR(__xludf.UNSUPPORTED("""COMPUTED_VALUE"""),4.56) -> 4.56 | C63: =(B63-B62)/B62 -> 0.0155902
A64: =IFERROR(__xludf.UNSUPPORTED("""COMPUTED_VALUE"""),43557.6666666666) -> 43557.667 | B64: =IFERROR(__xludf.UNSUPPORTED("""COMPUTED_VALUE"""),4.58) -> 4.58 | C64: =(B64-B63)/B63 -> 0.0043859649
A65: =IFERROR(__xludf.UNSUPPORTED("""COMPUTED_VALUE"""),43558.6666666666) -> 43558.667 | B65: =IFERROR(__xludf.UNSUPPORTED("""COMPUTED_VALUE"""),4.72) -> 4.72 | C65: =(B65-B64)/B64 -> 0.030567686
A66: =IFERROR(__xludf.UNSUPPORTED("""COMPUTED_VALUE"""),43559.6666666666) -> 43559.667 | B66: =IFERROR(__xludf.UNSUPPORTED("""COMPUTED_VALUE"""),4.71) -> 4.71 | C66: =(B66-B65)/B65 -> -0.0021186441
A67: =IFERROR(__xludf.UNSUPPORTED("""COMPUTED_VALUE"""),43560.6666666666) -> 43560.667 | B67: =IFERROR(__xludf.UNSUPPORTED("""COMPUTED_VALUE"""),4.77) -> 4.77 | C67: =(B67-B66)/B66 -> 0.012738854
A68: =IFERROR(__xludf.UNSUPPORTED("""COMPUTED_VALUE"""),43563.6666666666) -> 43563.667 | B68: =IFERROR(__xludf.UNSUPPORTED("""COMPUTED_VALUE"""),4.79) -> 4.79 | C68: =(B68-B67)/B67 -> 0.0041928721
A69: =IFERROR(__xludf.UNSUPPORTED("""COMPUTED_VALUE"""),43564.6666666666) -> 43564.667 | B69: =IFERROR(__xludf.UNSUPPORTED("""COMPUTED_VALUE"""),4.73) -> 4.73 | C69: =(B69-B68)/B68 -> -0.012526096
A70: =IFERROR(__xludf.UNSUPPORTED("""COMPUTED_VALUE"""),43565.6666666666) -> 43565.667 | B70: =IFERROR(__xludf.UNSUPPORTED("""COMPUTED_VALUE"""),4.8) -> 4.8 | C70: =(B70-B69)/B69 -> 0.014799154
A71: =IFERROR(__xludf.UNSUPPORTED("""COMPUTED_VALUE"""),43566.6666666666) -> 43566.667 | B71: =IFERROR(__xludf.UNSUPPORTED("""COMPUTED_VALUE"""),4.79) -> 4.79 | C71: =(B71-B70)/B70 -> -0.0020833333
A72: =IFERROR(__xludf.UNSUPPORTED("""COMPUTED_VALUE"""),43567.6666666666) -> 43567.667 | B72: =IFERROR(__xludf.UNSUPPORTED("""COMPUTED_VALUE"""),4.75) -> 4.75 | C72: =(B72-B71)/B71 -> -0.0083507307
A73: =IFERROR(__xludf.UNSUPPORTED("""COMPUTED_VALUE"""),43570.6666666666) -> 43570.667 | B73: =IFERROR(__xludf.UNSUPPORTED("""COMPUTED_VALUE"""),4.62) -> 4.62 | C73: =(B73-B72)/B72 -> -0.027368421
A74: =IFERROR(__xludf.UNSUPPORTED("""COMPUTED_VALUE"""),43571.6666666666) -> 43571.667 | B74: =IFERROR(__xludf.UNSUPPORTED("""COMPUTED_VALUE"""),4.71) -> 4.71 | C74: =(B74-B73)/B73 -> 0.019480519
A75: =IFERROR(__xludf.UNSUPPORTED("""COMPUTED_VALUE"""),43572.6666666666) -> 43572.667 | B75: =IFERROR(__xludf.UNSUPPORTED("""COMPUTED_VALUE"""),4.68) -> 4.68 | C75: =(B75-B74)/B74 -> -0.0063694268
A76: =IFERROR(__xludf.UNSUPPORTED("""COMPUTED_VALUE"""),43573.6666666666) -> 43573.667 | B76: =IFERROR(__xludf.UNSUPPORTED("""COMPUTED_VALUE"""),4.66) -> 4.66 | C76: =(B76-B75)/B75 -> -0.0042735043
A77: =IFERROR(__xludf.UNSUPPORTED("""COMPUTED_VALUE"""),43577.6666666666) -> 43577.667 | B77: =IFERROR(__xludf.UNSUPPORTED("""COMPUTED_VALUE"""),4.71) -> 4.71 | C77: =(B77-B76)/B76 -> 0.010729614
A78: =IFERROR(__xludf.UNSUPPORTED("""COMPUTED_VALUE"""),43578.6666666666) -> 43578.667 | B78: =IFERROR(__xludf.UNSUPPORTED("""COMPUTED_VALUE"""),4.77) -> 4.77 | C78: =(B78-B77)/B77 -> 0.012738854
A79: =IFERROR(__xludf.UNSUPPORTED("""COMPUTED_VALUE"""),43579.6666666666) -> 43579.667 | B79: =IFERROR(__xludf.UNSUPPORTED("""COMPUTED_VALUE"""),4.78) -> 4.78 | C79: =(B79-B78)/B78 -> 0.0020964361
A80: =IFERROR(__xludf.UNSUPPORTED("""COMPUTED_VALUE"""),43580.6666666666) -> 43580.667 | B80: =IFERROR(__xludf.UNSUPPORTED("""COMPUTED_VALUE"""),4.67) -> 4.67 | C80: =(B80-B79)/B79 -> -0.023012552
A81: =IFERROR(__xludf.UNSUPPORTED("""COMPUTED_VALUE"""),43581.6666666666) -> 43581.667 | B81: =IFERROR(__xludf.UNSUPPORTED("""COMPUTED_VALUE"""),4.45) -> 4.45 | C81: =(B81-B80)/B80 -> -0.047109208
A82: =IFERROR(__xludf.UNSUPPORTED("""COMPUTED_VALUE"""),43584.6666666666) -> 43584.667 | B82: =IFERROR(__xludf.UNSUPPORTED("""COMPUTED_VALUE"""),4.48) -> 4.48 | C82: =(B82-B81)/B81 -> 0.006741573
A83: =IFERROR(__xludf.UNSUPPORTED("""COMPUTED_VALUE"""),43585.6666666666) -> 43585.667 | B83: =IFERROR(__xludf.UNSUPPORTED("""COMPUTED_VALUE"""),4.53) -> 4.53 | C83: =(B83-B82)/B82 -> 0.011160714
A84: =IFERROR(__xludf.UNSUPPORTED("""COMPUTED_VALUE"""),43586.6666666666) -> 43586.667 | B84: =IFERROR(__xludf.UNSUPPORTED("""COMPUTED_VALUE"""),4.51) -> 4.51 | C84: =(B84-B83)/B83 -> -0.004415011
A85: =IFERROR(__xludf.UNSUPPORTED("""COMPUTED_VALUE"""),43587.6666666666) -> 43587.667 | B85: =IFERROR(__xludf.UNSUPPORTED("""COMPUTED_VALUE"""),4.58) -> 4.58 | C85: =(B85-B84)/B84 -> 0.015521064
A86: =IFERROR(__xludf.UNSUPPORTED("""COMPUTED_VALUE"""),43588.6666666666) -> 43588.667 | B86: =IFERROR(__xludf.UNSUPPORTED("""COMPUTED_VALUE"""),4.58) -> 4.58 | C86: =(B86-B85)/B85 -> 0
A87: =IFERROR(__xludf.UNSUPPORTED("""COMPUTED_VALUE"""),43591.6666666666) -> 43591.667 | B87: =IFERROR(__xludf.UNSUPPORTED("""COMPUTED_VALUE"""),4.5) -> 4.5 | C87: =(B87-B86)/B86 -> -0.017467249
A88: =IFERROR(__xludf.UNSUPPORTED("""COMPUTED_VALUE"""),43592.6666666666) -> 43592.667 | B88: =IFERROR(__xludf.UNSUPPORTED("""COMPUTED_VALUE"""),4.33) -> 4.33 | C88: =(B88-B87)/B87 -> -0.037777778
A89: =IFERROR(__xludf.UNSUPPORTED("""COMPUTED_VALUE"""),43593.6666666666) -> 43593.667 | B89: =IFERROR(__xludf.UNSUPPORTED("""COMPUTED_VALUE"""),4.35) -> 4.35 | C89: =(B89-B88)/B88 -> 0.0046189376
A90: =IFERROR(__xludf.UNSUPPORTED("""COMPUTED_VALUE"""),43594.6666666666) -> 43594.667 | B90: =IFERROR(__xludf.UNSUPPORTED("""COMPUTED_VALUE"""),4.25) -> 4.25 | C90: =(B90-B89)/B89 -> -0.022988506
A91: =IFERROR(__xludf.UNSUPPORTED("""COMPUTED_VALUE"""),43595.6666666666) -> 43595.667 | B91: =IFERROR(__xludf.UNSUPPORTED("""COMPUTED_VALUE"""),4.22) -> 4.22 | C91: =(B91-B90)/B90 -> -0.0070588235
A92: =IFERROR(__xludf.UNSUPPORTED("""COMPUTED_VALUE"""),43598.6666666666) -> 43598.667 | B92: =IFERROR(__xludf.UNSUPPORTED("""COMPUTED_VALUE"""),3.96) -> 3.96 | C92: =(B92-B91)/B91 -> -0.061611374
A93: =IFERROR(__xludf.UNSUPPORTED("""COMPUTED_VALUE"""),43599.6666666666) -> 43599.667 | B93: =IFERROR(__xludf.UNSUPPORTED("""COMPUTED_VALUE"""),4.05) -> 4.05 | C93: =(B93-B92)/B92 -> 0.022727273
A94: =IFERROR(__xludf.UNSUPPORTED("""COMPUTED_VALUE"""),43600.6666666666) -> 43600.667 | B94: =IFERROR(__xludf.UNSUPPORTED("""COMPUTED_VALUE"""),3.99) -> 3.99 | C94: =(B94-B93)/B93 -> -0.014814815
A95: =IFERROR(__xludf.UNSUPPORTED("""COMPUTED_VALUE"""),43601.6666666666) -> 43601.667 | B95: =IFERROR(__xludf.UNSUPPORTED("""COMPUTED_VALUE"""),4) -> 4 | C95: =(B95-B94)/B94 -> 0.0025062657
A96: =IFERROR(__xludf.UNSUPPORTED("""COMPUTED_VALUE"""),43602.6666666666) -> 43602.667 | B96: =IFERROR(__xludf.UNSUPPORTED("""COMPUTED_VALUE"""),3.91) -> 3.91 | C96: =(B96-B95)/B95 -> -0.0225
A97: =IFERROR(__xludf.UNSUPPORTED("""COMPUTED_VALUE"""),43605.6666666666) -> 43605.667 | B97: =IFERROR(__xludf.UNSUPPORTED("""COMPUTED_VALUE"""),3.79) -> 3.79 | C97: =(B97-B96)/B96 -> -0.030690537
A98: =IFERROR(__xludf.UNSUPPORTED("""COMPUTED_VALUE"""),43606.6666666666) -> 43606.667 | B98: =IFERROR(__xludf.UNSUPPORTED("""COMPUTED_VALUE"""),3.88) -> 3.88 | C98: =(B98-B97)/B97 -> 0.023746702
A99: =IFERROR(__xludf.UNSUPPORTED("""COMPUTED_VALUE"""),43607.6666666666) -> 43607.667 | B99: =IFERROR(__xludf.UNSUPPORTED("""COMPUTED_VALUE"""),3.81) -> 3.81 | C99: =(B99-B98)/B98 -> -0.018041237
A100: =IFERROR(__xludf.UNSUPPORTED("""COMPUTED_VALUE"""),43608.6666666666) -> 43608.667 | B100: =IFERROR(__xludf.UNSUPPORTED("""COMPUTED_VALUE"""),3.68) -> 3.68 | C100: =(B100-B99)/B99 -> -0.034120735
...

Sheet JPM
A1: =IFERROR(__xludf.UNSUPPORTED(GOOGLEFINANCE("JPM", "price", "01/01/2019", "01/22/2026", "DAILY")),"Date") -> Date | B1: =IFERROR(__xludf.UNSUPPORTED("""COMPUTED_VALUE"""),"Close") -> Close | C1: daily_return | E1: avg_daily_return | F1: volatility | G1: annualized_return | H1: annualized_volatility
A2: =IFERROR(__xludf.UNSUPPORTED("""COMPUTED_VALUE"""),43467.6666666666) -> 43467.667 | B2: =IFERROR(__xludf.UNSUPPORTED("""COMPUTED_VALUE"""),99.31) -> 99.31 | E2: =AVERAGE(C3:C1773) -> 0.00080893763 | F2: =_xlfn.STDEV.S(C3:C1773) -> 0.018879395 | G2: =E2*252 -> 0.20385228 | H2: =F2*SQRT(252) -> 0.2997011
A3: =IFERROR(__xludf.UNSUPPORTED("""COMPUTED_VALUE"""),43468.6666666666) -> 43468.667 | B3: =IFERROR(__xludf.UNSUPPORTED("""COMPUTED_VALUE"""),97.11) -> 97.11 | C3: =(B3-B2)/B2 -> -0.022152855
A4: =IFERROR(__xludf.UNSUPPORTED("""COMPUTED_VALUE"""),43469.6666666666) -> 43469.667 | B4: =IFERROR(__xludf.UNSUPPORTED("""COMPUTED_VALUE"""),100.69) -> 100.69 | C4: =(B4-B3)/B3 -> 0.03686541
A5: =IFERROR(__xludf.UNSUPPORTED("""COMPUTED_VALUE"""),43472.6666666666) -> 43472.667 | B5: =IFERROR(__xludf.UNSUPPORTED("""COMPUTED_VALUE"""),100.76) -> 100.76 | C5: =(B5-B4)/B4 -> 0.0006952031
A6: =IFERROR(__xludf.UNSUPPORTED("""COMPUTED_VALUE"""),43473.6666666666) -> 43473.667 | B6: =IFERROR(__xludf.UNSUPPORTED("""COMPUTED_VALUE"""),100.57) -> 100.57 | C6: =(B6-B5)/B5 -> -0.0018856689
A7: =IFERROR(__xludf.UNSUPPORTED("""COMPUTED_VALUE"""),43474.6666666666) -> 43474.667 | B7: =IFERROR(__xludf.UNSUPPORTED("""COMPUTED_VALUE"""),100.4) -> 100.4 | C7: =(B7-B6)/B6 -> -0.0016903649
A8: =IFERROR(__xludf.UNSUPPORTED("""COMPUTED_VALUE"""),43475.6666666666) -> 43475.667 | B8: =IFERROR(__xludf.UNSUPPORTED("""COMPUTED_VALUE"""),100.39) -> 100.39 | C8: =(B8-B7)/B7 -> -9.9601594e-05
A9: =IFERROR(__xludf.UNSUPPORTED("""COMPUTED_VALUE"""),43476.6666666666) -> 43476.667 | B9: =IFERROR(__xludf.UNSUPPORTED("""COMPUTED_VALUE"""),99.91) -> 99.91 | C9: =(B9-B8)/B8 -> -0.0047813527
A10: =IFERROR(__xludf.UNSUPPORTED("""COMPUTED_VALUE"""),43479.6666666666) -> 43479.667 | B10: =IFERROR(__xludf.UNSUPPORTED("""COMPUTED_VALUE"""),100.94) -> 100.94 | C10: =(B10-B9)/B9 -> 0.010309278
A11: =IFERROR(__xludf.UNSUPPORTED("""COMPUTED_VALUE"""),43480.6666666666) -> 43480.667 | B11: =IFERROR(__xludf.UNSUPPORTED("""COMPUTED_VALUE"""),101.68) -> 101.68 | C11: =(B11-B10)/B10 -> 0.0073310878
A12: =IFERROR(__xludf.UNSUPPORTED("""COMPUTED_VALUE"""),43481.6666666666) -> 43481.667 | B12: =IFERROR(__xludf.UNSUPPORTED("""COMPUTED_VALUE"""),102.5) -> 102.5 | C12: =(B12-B11)/B11 -> 0.0080645161
A13: =IFERROR(__xludf.UNSUPPORTED("""COMPUTED_VALUE"""),43482.6666666666) -> 43482.667 | B13: =IFERROR(__xludf.UNSUPPORTED("""COMPUTED_VALUE"""),102.92) -> 102.92 | C13: =(B13-B12)/B12 -> 0.004097561
A14: =IFERROR(__xludf.UNSUPPORTED("""COMPUTED_VALUE"""),43483.6666666666) -> 43483.667 | B14: =IFERROR(__xludf.UNSUPPORTED("""COMPUTED_VALUE"""),104.59) -> 104.59 | C14: =(B14-B13)/B13 -> 0.016226195
A15: =IFERROR(__xludf.UNSUPPORTED("""COMPUTED_VALUE"""),43487.6666666666) -> 43487.667 | B15: =IFERROR(__xludf.UNSUPPORTED("""COMPUTED_VALUE"""),102.94) -> 102.94 | C15: =(B15-B14)/B14 -> -0.015775887
A16: =IFERROR(__xludf.UNSUPPORTED("""COMPUTED_VALUE"""),43488.6666666666) -> 43488.667 | B16: =IFERROR(__xludf.UNSUPPORTED("""COMPUTED_VALUE"""),102.68) -> 102.68 | C16: =(B16-B15)/B15 -> -0.0025257432
A17: =IFERROR(__xludf.UNSUPPORTED("""COMPUTED_VALUE"""),43489.6666666666) -> 43489.667 | B17: =IFERROR(__xludf.UNSUPPORTED("""COMPUTED_VALUE"""),102.74) -> 102.74 | C17: =(B17-B16)/B16 -> 0.0005843397
A18: =IFERROR(__xludf.UNSUPPORTED("""COMPUTED_VALUE"""),43490.6666666666) -> 43490.667 | B18: =IFERROR(__xludf.UNSUPPORTED("""COMPUTED_VALUE"""),103.39) -> 103.39 | C18: =(B18-B17)/B17 -> 0.0063266498
A19: =IFERROR(__xludf.UNSUPPORTED("""COMPUTED_VALUE"""),43493.6666666666) -> 43493.667 | B19: =IFERROR(__xludf.UNSUPPORTED("""COMPUTED_VALUE"""),103.88) -> 103.88 | C19: =(B19-B18)/B18 -> 0.0047393365
A20: =IFERROR(__xludf.UNSUPPORTED("""COMPUTED_VALUE"""),43494.6666666666) -> 43494.667 | B20: =IFERROR(__xludf.UNSUPPORTED("""COMPUTED_VALUE"""),104.17) -> 104.17 | C20: =(B20-B19)/B19 -> 0.0027916827
A21: =IFERROR(__xludf.UNSUPPORTED("""COMPUTED_VALUE"""),43495.6666666666) -> 43495.667 | B21: =IFERROR(__xludf.UNSUPPORTED("""COMPUTED_VALUE"""),104.41) -> 104.41 | C21: =(B21-B20)/B20 -> 0.0023039263
A22: =IFERROR(__xludf.UNSUPPORTED("""COMPUTED_VALUE"""),43496.6666666666) -> 43496.667 | B22: =IFERROR(__xludf.UNSUPPORTED("""COMPUTED_VALUE"""),103.5) -> 103.5 | C22: =(B22-B21)/B21 -> -0.0087156403
A23: =IFERROR(__xludf.UNSUPPORTED("""COMPUTED_VALUE"""),43497.6666666666) -> 43497.667 | B23: =IFERROR(__xludf.UNSUPPORTED("""COMPUTED_VALUE"""),103.88) -> 103.88 | C23: =(B23-B22)/B22 -> 0.0036714976
A24: =IFERROR(__xludf.UNSUPPORTED("""COMPUTED_VALUE"""),43500.6666666666) -> 43500.667 | B24: =IFERROR(__xludf.UNSUPPORTED("""COMPUTED_VALUE"""),104.25) -> 104.25 | C24: =(B24-B23)/B23 -> 0.0035618021
A25: =IFERROR(__xludf.UNSUPPORTED("""COMPUTED_VALUE"""),43501.6666666666) -> 43501.667 | B25: =IFERROR(__xludf.UNSUPPORTED("""COMPUTED_VALUE"""),103.79) -> 103.79 | C25: =(B25-B24)/B24 -> -0.00441247
A26: =IFERROR(__xludf.UNSUPPORTED("""COMPUTED_VALUE"""),43502.6666666666) -> 43502.667 | B26: =IFERROR(__xludf.UNSUPPORTED("""COMPUTED_VALUE"""),103.74) -> 103.74 | C26: =(B26-B25)/B25 -> -0.00048174198
A27: =IFERROR(__xludf.UNSUPPORTED("""COMPUTED_VALUE"""),43503.6666666666) -> 43503.667 | B27: =IFERROR(__xludf.UNSUPPORTED("""COMPUTED_VALUE"""),102.38) -> 102.38 | C27: =(B27-B26)/B26 -> -0.013109697
A28: =IFERROR(__xludf.UNSUPPORTED("""COMPUTED_VALUE"""),43504.6666666666) -> 43504.667 | B28: =IFERROR(__xludf.UNSUPPORTED("""COMPUTED_VALUE"""),101.36) -> 101.36 | C28: =(B28-B27)/B27 -> -0.0099628834
A29: =IFERROR(__xludf.UNSUPPORTED("""COMPUTED_VALUE"""),43507.6666666666) -> 43507.667 | B29: =IFERROR(__xludf.UNSUPPORTED("""COMPUTED_VALUE"""),100.88) -> 100.88 | C29: =(B29-B28)/B28 -> -0.0047355959
A30: =IFERROR(__xludf.UNSUPPORTED("""COMPUTED_VALUE"""),43508.6666666666) -> 43508.667 | B30: =IFERROR(__xludf.UNSUPPORTED("""COMPUTED_VALUE"""),102.6) -> 102.6 | C30: =(B30-B29)/B29 -> 0.01704996
A31: =IFERROR(__xludf.UNSUPPORTED("""COMPUTED_VALUE"""),43509.6666666666) -> 43509.667 | B31: =IFERROR(__xludf.UNSUPPORTED("""COMPUTED_VALUE"""),103.09) -> 103.09 | C31: =(B31-B30)/B30 -> 0.0047758285
A32: =IFERROR(__xludf.UNSUPPORTED("""COMPUTED_VALUE"""),43510.6666666666) -> 43510.667 | B32: =IFERROR(__xludf.UNSUPPORTED("""COMPUTED_VALUE"""),102.42) -> 102.42 | C32: =(B32-B31)/B31 -> -0.0064991755
A33: =IFERROR(__xludf.UNSUPPORTED("""COMPUTED_VALUE"""),43511.6666666666) -> 43511.667 | B33: =IFERROR(__xludf.UNSUPPORTED("""COMPUTED_VALUE"""),105.55) -> 105.55 | C33: =(B33-B32)/B32 -> 0.030560437
A34: =IFERROR(__xludf.UNSUPPORTED("""COMPUTED_VALUE"""),43515.6666666666) -> 43515.667 | B34: =IFERROR(__xludf.UNSUPPORTED("""COMPUTED_VALUE"""),105.18) -> 105.18 | C34: =(B34-B33)/B33 -> -0.0035054477
A35: =IFERROR(__xludf.UNSUPPORTED("""COMPUTED_VALUE"""),43516.6666666666) -> 43516.667 | B35: =IFERROR(__xludf.UNSUPPORTED("""COMPUTED_VALUE"""),105.69) -> 105.69 | C35: =(B35-B34)/B34 -> 0.0048488306
A36: =IFERROR(__xludf.UNSUPPORTED("""COMPUTED_VALUE"""),43517.6666666666) -> 43517.667 | B36: =IFERROR(__xludf.UNSUPPORTED("""COMPUTED_VALUE"""),105.47) -> 105.47 | C36: =(B36-B35)/B35 -> -0.0020815593
A37: =IFERROR(__xludf.UNSUPPORTED("""COMPUTED_VALUE"""),43518.6666666666) -> 43518.667 | B37: =IFERROR(__xludf.UNSUPPORTED("""COMPUTED_VALUE"""),105) -> 105 | C37: =(B37-B36)/B36 -> -0.0044562435
A38: =IFERROR(__xludf.UNSUPPORTED("""COMPUTED_VALUE"""),43521.6666666666) -> 43521.667 | B38: =IFERROR(__xludf.UNSUPPORTED("""COMPUTED_VALUE"""),106.1) -> 106.1 | C38: =(B38-B37)/B37 -> 0.01047619
A39: =IFERROR(__xludf.UNSUPPORTED("""COMPUTED_VALUE"""),43522.6666666666) -> 43522.667 | B39: =IFERROR(__xludf.UNSUPPORTED("""COMPUTED_VALUE"""),105.29) -> 105.29 | C39: =(B39-B38)/B38 -> -0.0076343073
A40: =IFERROR(__xludf.UNSUPPORTED("""COMPUTED_VALUE"""),43523.6666666666) -> 43523.667 | B40: =IFERROR(__xludf.UNSUPPORTED("""COMPUTED_VALUE"""),105.16) -> 105.16 | C40: =(B40-B39)/B39 -> -0.0012346852
A41: =IFERROR(__xludf.UNSUPPORTED("""COMPUTED_VALUE"""),43524.6666666666) -> 43524.667 | B41: =IFERROR(__xludf.UNSUPPORTED("""COMPUTED_VALUE"""),104.36) -> 104.36 | C41: =(B41-B40)/B40 -> -0.0076074553
A42: =IFERROR(__xludf.UNSUPPORTED("""COMPUTED_VALUE"""),43525.6666666666) -> 43525.667 | B42: =IFERROR(__xludf.UNSUPPORTED("""COMPUTED_VALUE"""),104.43) -> 104.43 | C42: =(B42-B41)/B41 -> 0.00067075508
A43: =IFERROR(__xludf.UNSUPPORTED("""COMPUTED_VALUE"""),43528.6666666666) -> 43528.667 | B43: =IFERROR(__xludf.UNSUPPORTED("""COMPUTED_VALUE"""),104.19) -> 104.19 | C43: =(B43-B42)/B42 -> -0.0022981902
A44: =IFERROR(__xludf.UNSUPPORTED("""COMPUTED_VALUE"""),43529.6666666666) -> 43529.667 | B44: =IFERROR(__xludf.UNSUPPORTED("""COMPUTED_VALUE"""),104.11) -> 104.11 | C44: =(B44-B43)/B43 -> -0.00076782801
A45: =IFERROR(__xludf.UNSUPPORTED("""COMPUTED_VALUE"""),43530.6666666666) -> 43530.667 | B45: =IFERROR(__xludf.UNSUPPORTED("""COMPUTED_VALUE"""),103.72) -> 103.72 | C45: =(B45-B44)/B44 -> -0.0037460378
A46: =IFERROR(__xludf.UNSUPPORTED("""COMPUTED_VALUE"""),43531.6666666666) -> 43531.667 | B46: =IFERROR(__xludf.UNSUPPORTED("""COMPUTED_VALUE"""),102.97) -> 102.97 | C46: =(B46-B45)/B45 -> -0.0072310066
A47: =IFERROR(__xludf.UNSUPPORTED("""COMPUTED_VALUE"""),43532.6666666666) -> 43532.667 | B47: =IFERROR(__xludf.UNSUPPORTED("""COMPUTED_VALUE"""),103.01) -> 103.01 | C47: =(B47-B46)/B46 -> 0.00038846266
A48: =IFERROR(__xludf.UNSUPPORTED("""COMPUTED_VALUE"""),43535.6666666666) -> 43535.667 | B48: =IFERROR(__xludf.UNSUPPORTED("""COMPUTED_VALUE"""),104.35) -> 104.35 | C48: =(B48-B47)/B47 -> 0.013008446
A49: =IFERROR(__xludf.UNSUPPORTED("""COMPUTED_VALUE"""),43536.6666666666) -> 43536.667 | B49: =IFERROR(__xludf.UNSUPPORTED("""COMPUTED_VALUE"""),104.04) -> 104.04 | C49: =(B49-B48)/B48 -> -0.0029707714
A50: =IFERROR(__xludf.UNSUPPORTED("""COMPUTED_VALUE"""),43537.6666666666) -> 43537.667 | B50: =IFERROR(__xludf.UNSUPPORTED("""COMPUTED_VALUE"""),104.39) -> 104.39 | C50: =(B50-B49)/B49 -> 0.0033640907
A51: =IFERROR(__xludf.UNSUPPORTED("""COMPUTED_VALUE"""),43538.6666666666) -> 43538.667 | B51: =IFERROR(__xludf.UNSUPPORTED("""COMPUTED_VALUE"""),105.34) -> 105.34 | C51: =(B51-B50)/B50 -> 0.0091004886
A52: =IFERROR(__xludf.UNSUPPORTED("""COMPUTED_VALUE"""),43539.6666666666) -> 43539.667 | B52: =IFERROR(__xludf.UNSUPPORTED("""COMPUTED_VALUE"""),106.55) -> 106.55 | C52: =(B52-B51)/B51 -> 0.011486615
A53: =IFERROR(__xludf.UNSUPPORTED("""COMPUTED_VALUE"""),43542.6666666666) -> 43542.667 | B53: =IFERROR(__xludf.UNSUPPORTED("""COMPUTED_VALUE"""),107.19) -> 107.19 | C53: =(B53-B52)/B52 -> 0.0060065697
A54: =IFERROR(__xludf.UNSUPPORTED("""COMPUTED_VALUE"""),43543.6666666666) -> 43543.667 | B54: =IFERROR(__xludf.UNSUPPORTED("""COMPUTED_VALUE"""),106.8) -> 106.8 | C54: =(B54-B53)/B53 -> -0.0036383991
A55: =IFERROR(__xludf.UNSUPPORTED("""COMPUTED_VALUE"""),43544.6666666666) -> 43544.667 | B55: =IFERROR(__xludf.UNSUPPORTED("""COMPUTED_VALUE"""),104.52) -> 104.52 | C55: =(B55-B54)/B54 -> -0.021348315
A56: =IFERROR(__xludf.UNSUPPORTED("""COMPUTED_VALUE"""),43545.6666666666) -> 43545.667 | B56: =IFERROR(__xludf.UNSUPPORTED("""COMPUTED_VALUE"""),102.87) -> 102.87 | C56: =(B56-B55)/B55 -> -0.015786452
A57: =IFERROR(__xludf.UNSUPPORTED("""COMPUTED_VALUE"""),43546.6666666666) -> 43546.667 | B57: =IFERROR(__xludf.UNSUPPORTED("""COMPUTED_VALUE"""),99.76) -> 99.76 | C57: =(B57-B56)/B56 -> -0.030232332
A58: =IFERROR(__xludf.UNSUPPORTED("""COMPUTED_VALUE"""),43549.6666666666) -> 43549.667 | B58: =IFERROR(__xludf.UNSUPPORTED("""COMPUTED_VALUE"""),98.93) -> 98.93 | C58: =(B58-B57)/B57 -> -0.0083199679
A59: =IFERROR(__xludf.UNSUPPORTED("""COMPUTED_VALUE"""),43550.6666666666) -> 43550.667 | B59: =IFERROR(__xludf.UNSUPPORTED("""COMPUTED_VALUE"""),99.92) -> 99.92 | C59: =(B59-B58)/B58 -> 0.010007076
A60: =IFERROR(__xludf.UNSUPPORTED("""COMPUTED_VALUE"""),43551.6666666666) -> 43551.667 | B60: =IFERROR(__xludf.UNSUPPORTED("""COMPUTED_VALUE"""),99.58) -> 99.58 | C60: =(B60-B59)/B59 -> -0.0034027222
A61: =IFERROR(__xludf.UNSUPPORTED("""COMPUTED_VALUE"""),43552.6666666666) -> 43552.667 | B61: =IFERROR(__xludf.UNSUPPORTED("""COMPUTED_VALUE"""),100.71) -> 100.71 | C61: =(B61-B60)/B60 -> 0.01134766
A62: =IFERROR(__xludf.UNSUPPORTED("""COMPUTED_VALUE"""),43553.6666666666) -> 43553.667 | B62: =IFERROR(__xludf.UNSUPPORTED("""COMPUTED_VALUE"""),101.23) -> 101.23 | C62: =(B62-B61)/B61 -> 0.0051633403
A63: =IFERROR(__xludf.UNSUPPORTED("""COMPUTED_VALUE"""),43556.6666666666) -> 43556.667 | B63: =IFERROR(__xludf.UNSUPPORTED("""COMPUTED_VALUE"""),104.64) -> 104.64 | C63: =(B63-B62)/B62 -> 0.033685666
A64: =IFERROR(__xludf.UNSUPPORTED("""COMPUTED_VALUE"""),43557.6666666666) -> 43557.667 | B64: =IFERROR(__xludf.UNSUPPORTED("""COMPUTED_VALUE"""),105.14) -> 105.14 | C64: =(B64-B63)/B63 -> 0.0047782875
A65: =IFERROR(__xludf.UNSUPPORTED("""COMPUTED_VALUE"""),43558.6666666666) -> 43558.667 | B65: =IFERROR(__xludf.UNSUPPORTED("""COMPUTED_VALUE"""),105.35) -> 105.35 | C65: =(B65-B64)/B64 -> 0.0019973369
A66: =IFERROR(__xludf.UNSUPPORTED("""COMPUTED_VALUE"""),43559.6666666666) -> 43559.667 | B66: =IFERROR(__xludf.UNSUPPORTED("""COMPUTED_VALUE"""),105.56) -> 105.56 | C66: =(B66-B65)/B65 -> 0.0019933555
A67: =IFERROR(__xludf.UNSUPPORTED("""COMPUTED_VALUE"""),43560.6666666666) -> 43560.667 | B67: =IFERROR(__xludf.UNSUPPORTED("""COMPUTED_VALUE"""),105.31) -> 105.31 | C67: =(B67-B66)/B66 -> -0.0023683213
A68: =IFERROR(__xludf.UNSUPPORTED("""COMPUTED_VALUE"""),43563.6666666666) -> 43563.667 | B68: =IFERROR(__xludf.UNSUPPORTED("""COMPUTED_VALUE"""),105.65) -> 105.65 | C68: =(B68-B67)/B67 -> 0.0032285633
A69: =IFERROR(__xludf.UNSUPPORTED("""COMPUTED_VALUE"""),43564.6666666666) -> 43564.667 | B69: =IFERROR(__xludf.UNSUPPORTED("""COMPUTED_VALUE"""),104.87) -> 104.87 | C69: =(B69-B68)/B68 -> -0.007382868
A70: =IFERROR(__xludf.UNSUPPORTED("""COMPUTED_VALUE"""),43565.6666666666) -> 43565.667 | B70: =IFERROR(__xludf.UNSUPPORTED("""COMPUTED_VALUE"""),105.34) -> 105.34 | C70: =(B70-B69)/B69 -> 0.0044817393
A71: =IFERROR(__xludf.UNSUPPORTED("""COMPUTED_VALUE"""),43566.6666666666) -> 43566.667 | B71: =IFERROR(__xludf.UNSUPPORTED("""COMPUTED_VALUE"""),106.23) -> 106.23 | C71: =(B71-B70)/B70 -> 0.0084488324
A72: =IFERROR(__xludf.UNSUPPORTED("""COMPUTED_VALUE"""),43567.6666666666) -> 43567.667 | B72: =IFERROR(__xludf.UNSUPPORTED("""COMPUTED_VALUE"""),111.21) -> 111.21 | C72: =(B72-B71)/B71 -> 0.046879413
A73: =IFERROR(__xludf.UNSUPPORTED("""COMPUTED_VALUE"""),43570.6666666666) -> 43570.667 | B73: =IFERROR(__xludf.UNSUPPORTED("""COMPUTED_VALUE"""),109.94) -> 109.94 | C73: =(B73-B72)/B72 -> -0.011419836
A74: =IFERROR(__xludf.UNSUPPORTED("""COMPUTED_VALUE"""),43571.6666666666) -> 43571.667 | B74: =IFERROR(__xludf.UNSUPPORTED("""COMPUTED_VALUE"""),111.1) -> 111.1 | C74: =(B74-B73)/B73 -> 0.01055121
A75: =IFERROR(__xludf.UNSUPPORTED("""COMPUTED_VALUE"""),43572.6666666666) -> 43572.667 | B75: =IFERROR(__xludf.UNSUPPORTED("""COMPUTED_VALUE"""),114.3) -> 114.3 | C75: =(B75-B74)/B74 -> 0.02880288
A76: =IFERROR(__xludf.UNSUPPORTED("""COMPUTED_VALUE"""),43573.6666666666) -> 43573.667 | B76: =IFERROR(__xludf.UNSUPPORTED("""COMPUTED_VALUE"""),113.46) -> 113.46 | C76: =(B76-B75)/B75 -> -0.0073490814
A77: =IFERROR(__xludf.UNSUPPORTED("""COMPUTED_VALUE"""),43577.6666666666) -> 43577.667 | B77: =IFERROR(__xludf.UNSUPPORTED("""COMPUTED_VALUE"""),113.6) -> 113.6 | C77: =(B77-B76)/B76 -> 0.001233915
A78: =IFERROR(__xludf.UNSUPPORTED("""COMPUTED_VALUE"""),43578.6666666666) -> 43578.667 | B78: =IFERROR(__xludf.UNSUPPORTED("""COMPUTED_VALUE"""),113.74) -> 113.74 | C78: =(B78-B77)/B77 -> 0.0012323944
A79: =IFERROR(__xludf.UNSUPPORTED("""COMPUTED_VALUE"""),43579.6666666666) -> 43579.667 | B79: =IFERROR(__xludf.UNSUPPORTED("""COMPUTED_VALUE"""),113.55) -> 113.55 | C79: =(B79-B78)/B78 -> -0.0016704765
A80: =IFERROR(__xludf.UNSUPPORTED("""COMPUTED_VALUE"""),43580.6666666666) -> 43580.667 | B80: =IFERROR(__xludf.UNSUPPORTED("""COMPUTED_VALUE"""),113.61) -> 113.61 | C80: =(B80-B79)/B79 -> 0.00052840159
A81: =IFERROR(__xludf.UNSUPPORTED("""COMPUTED_VALUE"""),43581.6666666666) -> 43581.667 | B81: =IFERROR(__xludf.UNSUPPORTED("""COMPUTED_VALUE"""),114.47) -> 114.47 | C81: =(B81-B80)/B80 -> 0.0075697562
A82: =IFERROR(__xludf.UNSUPPORTED("""COMPUTED_VALUE"""),43584.6666666666) -> 43584.667 | B82: =IFERROR(__xludf.UNSUPPORTED("""COMPUTED_VALUE"""),116.12) -> 116.12 | C82: =(B82-B81)/B81 -> 0.014414257
A83: =IFERROR(__xludf.UNSUPPORTED("""COMPUTED_VALUE"""),43585.6666666666) -> 43585.667 | B83: =IFERROR(__xludf.UNSUPPORTED("""COMPUTED_VALUE"""),116.05) -> 116.05 | C83: =(B83-B82)/B82 -> -0.00060282466
A84: =IFERROR(__xludf.UNSUPPORTED("""COMPUTED_VALUE"""),43586.6666666666) -> 43586.667 | B84: =IFERROR(__xludf.UNSUPPORTED("""COMPUTED_VALUE"""),115.16) -> 115.16 | C84: =(B84-B83)/B83 -> -0.0076691081
A85: =IFERROR(__xludf.UNSUPPORTED("""COMPUTED_VALUE"""),43587.6666666666) -> 43587.667 | B85: =IFERROR(__xludf.UNSUPPORTED("""COMPUTED_VALUE"""),115.41) -> 115.41 | C85: =(B85-B84)/B84 -> 0.0021708927
A86: =IFERROR(__xludf.UNSUPPORTED("""COMPUTED_VALUE"""),43588.6666666666) -> 43588.667 | B86: =IFERROR(__xludf.UNSUPPORTED("""COMPUTED_VALUE"""),116.12) -> 116.12 | C86: =(B86-B85)/B85 -> 0.0061519799
A87: =IFERROR(__xludf.UNSUPPORTED("""COMPUTED_VALUE"""),43591.6666666666) -> 43591.667 | B87: =IFERROR(__xludf.UNSUPPORTED("""COMPUTED_VALUE"""),115.09) -> 115.09 | C87: =(B87-B86)/B86 -> -0.0088701343
A88: =IFERROR(__xludf.UNSUPPORTED("""COMPUTED_VALUE"""),43592.6666666666) -> 43592.667 | B88: =IFERROR(__xludf.UNSUPPORTED("""COMPUTED_VALUE"""),113.21) -> 113.21 | C88: =(B88-B87)/B87 -> -0.016335042
A89: =IFERROR(__xludf.UNSUPPORTED("""COMPUTED_VALUE"""),43593.6666666666) -> 43593.667 | B89: =IFERROR(__xludf.UNSUPPORTED("""COMPUTED_VALUE"""),112.61) -> 112.61 | C89: =(B89-B88)/B88 -> -0.0052998852
A90: =IFERROR(__xludf.UNSUPPORTED("""COMPUTED_VALUE"""),43594.6666666666) -> 43594.667 | B90: =IFERROR(__xludf.UNSUPPORTED("""COMPUTED_VALUE"""),112.52) -> 112.52 | C90: =(B90-B89)/B89 -> -0.00079921854
A91: =IFERROR(__xludf.UNSUPPORTED("""COMPUTED_VALUE"""),43595.6666666666) -> 43595.667 | B91: =IFERROR(__xludf.UNSUPPORTED("""COMPUTED_VALUE"""),112.51) -> 112.51 | C91: =(B91-B90)/B90 -> -8.8873089e-05
A92: =IFERROR(__xludf.UNSUPPORTED("""COMPUTED_VALUE"""),43598.6666666666) -> 43598.667 | B92: =IFERROR(__xludf.UNSUPPORTED("""COMPUTED_VALUE"""),109.45) -> 109.45 | C92: =(B92-B91)/B91 -> -0.027197582
A93: =IFERROR(__xludf.UNSUPPORTED("""COMPUTED_VALUE"""),43599.6666666666) -> 43599.667 | B93: =IFERROR(__xludf.UNSUPPORTED("""COMPUTED_VALUE"""),110.32) -> 110.32 | C93: =(B93-B92)/B92 -> 0.0079488351
A94: =IFERROR(__xludf.UNSUPPORTED("""COMPUTED_VALUE"""),43600.6666666666) -> 43600.667 | B94: =IFERROR(__xludf.UNSUPPORTED("""COMPUTED_VALUE"""),109.9) -> 109.9 | C94: =(B94-B93)/B93 -> -0.0038071066
A95: =IFERROR(__xludf.UNSUPPORTED("""COMPUTED_VALUE"""),43601.6666666666) -> 43601.667 | B95: =IFERROR(__xludf.UNSUPPORTED("""COMPUTED_VALUE"""),111.31) -> 111.31 | C95: =(B95-B94)/B94 -> 0.012829845
A96: =IFERROR(__xludf.UNSUPPORTED("""COMPUTED_VALUE"""),43602.6666666666) -> 43602.667 | B96: =IFERROR(__xludf.UNSUPPORTED("""COMPUTED_VALUE"""),110.77) -> 110.77 | C96: =(B96-B95)/B95 -> -0.0048513161
A97: =IFERROR(__xludf.UNSUPPORTED("""COMPUTED_VALUE"""),43605.6666666666) -> 43605.667 | B97: =IFERROR(__xludf.UNSUPPORTED("""COMPUTED_VALUE"""),111.35) -> 111.35 | C97: =(B97-B96)/B96 -> 0.0052360747
A98: =IFERROR(__xludf.UNSUPPORTED("""COMPUTED_VALUE"""),43606.6666666666) -> 43606.667 | B98: =IFERROR(__xludf.UNSUPPORTED("""COMPUTED_VALUE"""),111.73) -> 111.73 | C98: =(B98-B97)/B97 -> 0.0034126628
A99: =IFERROR(__xludf.UNSUPPORTED("""COMPUTED_VALUE"""),43607.6666666666) -> 43607.667 | B99: =IFERROR(__xludf.UNSUPPORTED("""COMPUTED_VALUE"""),110.82) -> 110.82 | C99: =(B99-B98)/B98 -> -0.0081446344
A100: =IFERROR(__xludf.UNSUPPORTED("""COMPUTED_VALUE"""),43608.6666666666) -> 43608.667 | B100: =IFERROR(__xludf.UNSUPPORTED("""COMPUTED_VALUE"""),108.64) -> 108.64 | C100: =(B100-B99)/B99 -> -0.019671539
...

Sheet BAC
A1: =IFERROR(__xludf.UNSUPPORTED(GOOGLEFINANCE("BAC", "price", "01/01/2019", "01/22/2026", "DAILY")),"Date") -> Date | B1: =IFERROR(__xludf.UNSUPPORTED("""COMPUTED_VALUE"""),"Close") -> Close | C1: daily_return | E1: avg_daily_return | F1: volatility | G1: annualized_return | H1: annualized_volatility
A2: =IFERROR(__xludf.UNSUPPORTED("""COMPUTED_VALUE"""),43467.6666666666) -> 43467.667 | B2: =IFERROR(__xludf.UNSUPPORTED("""COMPUTED_VALUE"""),24.96) -> 24.96 | E2: =AVERAGE(C3:C1775) -> 0.00063433089 | F2: =_xlfn.STDEV.S(C3:C1775) -> 0.0207822 | G2: =E2*252 -> 0.15985138 | H2: =F2*SQRT(252) -> 0.32990719
A3: =IFERROR(__xludf.UNSUPPORTED("""COMPUTED_VALUE"""),43468.6666666666) -> 43468.667 | B3: =IFERROR(__xludf.UNSUPPORTED("""COMPUTED_VALUE"""),24.56) -> 24.56 | C3: =(B3-B2)/B2 -> -0.016025641
A4: =IFERROR(__xludf.UNSUPPORTED("""COMPUTED_VALUE"""),43469.6666666666) -> 43469.667 | B4: =IFERROR(__xludf.UNSUPPORTED("""COMPUTED_VALUE"""),25.58) -> 25.58 | C4: =(B4-B3)/B3 -> 0.041530945
A5: =IFERROR(__xludf.UNSUPPORTED("""COMPUTED_VALUE"""),43472.6666666666) -> 43472.667 | B5: =IFERROR(__xludf.UNSUPPORTED("""COMPUTED_VALUE"""),25.56) -> 25.56 | C5: =(B5-B4)/B4 -> -0.00078186083
A6: =IFERROR(__xludf.UNSUPPORTED("""COMPUTED_VALUE"""),43473.6666666666) -> 43473.667 | B6: =IFERROR(__xludf.UNSUPPORTED("""COMPUTED_VALUE"""),25.51) -> 25.51 | C6: =(B6-B5)/B5 -> -0.0019561815
A7: =IFERROR(__xludf.UNSUPPORTED("""COMPUTED_VALUE"""),43474.6666666666) -> 43474.667 | B7: =IFERROR(__xludf.UNSUPPORTED("""COMPUTED_VALUE"""),25.76) -> 25.76 | C7: =(B7-B6)/B6 -> 0.0098000784
A8: =IFERROR(__xludf.UNSUPPORTED("""COMPUTED_VALUE"""),43475.6666666666) -> 43475.667 | B8: =IFERROR(__xludf.UNSUPPORTED("""COMPUTED_VALUE"""),25.73) -> 25.73 | C8: =(B8-B7)/B7 -> -0.0011645963
A9: =IFERROR(__xludf.UNSUPPORTED("""COMPUTED_VALUE"""),43476.6666666666) -> 43476.667 | B9: =IFERROR(__xludf.UNSUPPORTED("""COMPUTED_VALUE"""),26.03) -> 26.03 | C9: =(B9-B8)/B8 -> 0.011659541
A10: =IFERROR(__xludf.UNSUPPORTED("""COMPUTED_VALUE"""),43479.6666666666) -> 43479.667 | B10: =IFERROR(__xludf.UNSUPPORTED("""COMPUTED_VALUE"""),26.37) -> 26.37 | C10: =(B10-B9)/B9 -> 0.013061852
A11: =IFERROR(__xludf.UNSUPPORTED("""COMPUTED_VALUE"""),43480.6666666666) -> 43480.667 | B11: =IFERROR(__xludf.UNSUPPORTED("""COMPUTED_VALUE"""),26.55) -> 26.55 | C11: =(B11-B10)/B10 -> 0.0068259386
A12: =IFERROR(__xludf.UNSUPPORTED("""COMPUTED_VALUE"""),43481.6666666666) -> 43481.667 | B12: =IFERROR(__xludf.UNSUPPORTED("""COMPUTED_VALUE"""),28.45) -> 28.45 | C12: =(B12-B11)/B11 -> 0.071563089
A13: =IFERROR(__xludf.UNSUPPORTED("""COMPUTED_VALUE"""),43482.6666666666) -> 43482.667 | B13: =IFERROR(__xludf.UNSUPPORTED("""COMPUTED_VALUE"""),28.99) -> 28.99 | C13: =(B13-B12)/B12 -> 0.018980668
A14: =IFERROR(__xludf.UNSUPPORTED("""COMPUTED_VALUE"""),43483.6666666666) -> 43483.667 | B14: =IFERROR(__xludf.UNSUPPORTED("""COMPUTED_VALUE"""),29.3) -> 29.3 | C14: =(B14-B13)/B13 -> 0.010693343
A15: =IFERROR(__xludf.UNSUPPORTED("""COMPUTED_VALUE"""),43487.6666666666) -> 43487.667 | B15: =IFERROR(__xludf.UNSUPPORTED("""COMPUTED_VALUE"""),29.09) -> 29.09 | C15: =(B15-B14)/B14 -> -0.0071672355
A16: =IFERROR(__xludf.UNSUPPORTED("""COMPUTED_VALUE"""),43488.6666666666) -> 43488.667 | B16: =IFERROR(__xludf.UNSUPPORTED("""COMPUTED_VALUE"""),28.92) -> 28.92 | C16: =(B16-B15)/B15 -> -0.0058439326
A17: =IFERROR(__xludf.UNSUPPORTED("""COMPUTED_VALUE"""),43489.6666666666) -> 43489.667 | B17: =IFERROR(__xludf.UNSUPPORTED("""COMPUTED_VALUE"""),29.08) -> 29.08 | C17: =(B17-B16)/B16 -> 0.0055325035
A18: =IFERROR(__xludf.UNSUPPORTED("""COMPUTED_VALUE"""),43490.6666666666) -> 43490.667 | B18: =IFERROR(__xludf.UNSUPPORTED("""COMPUTED_VALUE"""),29.58) -> 29.58 | C18: =(B18-B17)/B17 -> 0.017193948
A19: =IFERROR(__xludf.UNSUPPORTED("""COMPUTED_VALUE"""),43493.6666666666) -> 43493.667 | B19: =IFERROR(__xludf.UNSUPPORTED("""COMPUTED_VALUE"""),29.63) -> 29.63 | C19: =(B19-B18)/B18 -> 0.0016903313
A20: =IFERROR(__xludf.UNSUPPORTED("""COMPUTED_VALUE"""),43494.6666666666) -> 43494.667 | B20: =IFERROR(__xludf.UNSUPPORTED("""COMPUTED_VALUE"""),29.39) -> 29.39 | C20: =(B20-B19)/B19 -> -0.0080998988
A21: =IFERROR(__xludf.UNSUPPORTED("""COMPUTED_VALUE"""),43495.6666666666) -> 43495.667 | B21: =IFERROR(__xludf.UNSUPPORTED("""COMPUTED_VALUE"""),29.07) -> 29.07 | C21: =(B21-B20)/B20 -> -0.010888057
A22: =IFERROR(__xludf.UNSUPPORTED("""COMPUTED_VALUE"""),43496.6666666666) -> 43496.667 | B22: =IFERROR(__xludf.UNSUPPORTED("""COMPUTED_VALUE"""),28.47) -> 28.47 | C22: =(B22-B21)/B21 -> -0.020639835
A23: =IFERROR(__xludf.UNSUPPORTED("""COMPUTED_VALUE"""),43497.6666666666) -> 43497.667 | B23: =IFERROR(__xludf.UNSUPPORTED("""COMPUTED_VALUE"""),28.38) -> 28.38 | C23: =(B23-B22)/B22 -> -0.0031612223
A24: =IFERROR(__xludf.UNSUPPORTED("""COMPUTED_VALUE"""),43500.6666666666) -> 43500.667 | B24: =IFERROR(__xludf.UNSUPPORTED("""COMPUTED_VALUE"""),28.88) -> 28.88 | C24: =(B24-B23)/B23 -> 0.017618041
A25: =IFERROR(__xludf.UNSUPPORTED("""COMPUTED_VALUE"""),43501.6666666666) -> 43501.667 | B25: =IFERROR(__xludf.UNSUPPORTED("""COMPUTED_VALUE"""),28.78) -> 28.78 | C25: =(B25-B24)/B24 -> -0.0034626039
A26: =IFERROR(__xludf.UNSUPPORTED("""COMPUTED_VALUE"""),43502.6666666666) -> 43502.667 | B26: =IFERROR(__xludf.UNSUPPORTED("""COMPUTED_VALUE"""),28.73) -> 28.73 | C26: =(B26-B25)/B25 -> -0.0017373176
A27: =IFERROR(__xludf.UNSUPPORTED("""COMPUTED_VALUE"""),43503.6666666666) -> 43503.667 | B27: =IFERROR(__xludf.UNSUPPORTED("""COMPUTED_VALUE"""),28.24) -> 28.24 | C27: =(B27-B26)/B26 -> -0.017055343
A28: =IFERROR(__xludf.UNSUPPORTED("""COMPUTED_VALUE"""),43504.6666666666) -> 43504.667 | B28: =IFERROR(__xludf.UNSUPPORTED("""COMPUTED_VALUE"""),28.29) -> 28.29 | C28: =(B28-B27)/B27 -> 0.0017705382
A29: =IFERROR(__xludf.UNSUPPORTED("""COMPUTED_VALUE"""),43507.6666666666) -> 43507.667 | B29: =IFERROR(__xludf.UNSUPPORTED("""COMPUTED_VALUE"""),28.41) -> 28.41 | C29: =(B29-B28)/B28 -> 0.0042417815
A30: =IFERROR(__xludf.UNSUPPORTED("""COMPUTED_VALUE"""),43508.6666666666) -> 43508.667 | B30: =IFERROR(__xludf.UNSUPPORTED("""COMPUTED_VALUE"""),28.69) -> 28.69 | C30: =(B30-B29)/B29 -> 0.0098556846
A31: =IFERROR(__xludf.UNSUPPORTED("""COMPUTED_VALUE"""),43509.6666666666) -> 43509.667 | B31: =IFERROR(__xludf.UNSUPPORTED("""COMPUTED_VALUE"""),28.7) -> 28.7 | C31: =(B31-B30)/B30 -> 0.0003485535
A32: =IFERROR(__xludf.UNSUPPORTED("""COMPUTED_VALUE"""),43510.6666666666) -> 43510.667 | B32: =IFERROR(__xludf.UNSUPPORTED("""COMPUTED_VALUE"""),28.39) -> 28.39 | C32: =(B32-B31)/B31 -> -0.010801394
A33: =IFERROR(__xludf.UNSUPPORTED("""COMPUTED_VALUE"""),43511.6666666666) -> 43511.667 | B33: =IFERROR(__xludf.UNSUPPORTED("""COMPUTED_VALUE"""),29.11) -> 29.11 | C33: =(B33-B32)/B32 -> 0.025361043
A34: =IFERROR(__xludf.UNSUPPORTED("""COMPUTED_VALUE"""),43515.6666666666) -> 43515.667 | B34: =IFERROR(__xludf.UNSUPPORTED("""COMPUTED_VALUE"""),29.13) -> 29.13 | C34: =(B34-B33)/B33 -> 0.00068704912
A35: =IFERROR(__xludf.UNSUPPORTED("""COMPUTED_VALUE"""),43516.6666666666) -> 43516.667 | B35: =IFERROR(__xludf.UNSUPPORTED("""COMPUTED_VALUE"""),29.41) -> 29.41 | C35: =(B35-B34)/B34 -> 0.0096120838
A36: =IFERROR(__xludf.UNSUPPORTED("""COMPUTED_VALUE"""),43517.6666666666) -> 43517.667 | B36: =IFERROR(__xludf.UNSUPPORTED("""COMPUTED_VALUE"""),29.29) -> 29.29 | C36: =(B36-B35)/B35 -> -0.0040802448
A37: =IFERROR(__xludf.UNSUPPORTED("""COMPUTED_VALUE"""),43518.6666666666) -> 43518.667 | B37: =IFERROR(__xludf.UNSUPPORTED("""COMPUTED_VALUE"""),29.08) -> 29.08 | C37: =(B37-B36)/B36 -> -0.0071696825
A38: =IFERROR(__xludf.UNSUPPORTED("""COMPUTED_VALUE"""),43521.6666666666) -> 43521.667 | B38: =IFERROR(__xludf.UNSUPPORTED("""COMPUTED_VALUE"""),29.27) -> 29.27 | C38: =(B38-B37)/B37 -> 0.0065337001
A39: =IFERROR(__xludf.UNSUPPORTED("""COMPUTED_VALUE"""),43522.6666666666) -> 43522.667 | B39: =IFERROR(__xludf.UNSUPPORTED("""COMPUTED_VALUE"""),29.29) -> 29.29 | C39: =(B39-B38)/B38 -> 0.00068329347
A40: =IFERROR(__xludf.UNSUPPORTED("""COMPUTED_VALUE"""),43523.6666666666) -> 43523.667 | B40: =IFERROR(__xludf.UNSUPPORTED("""COMPUTED_VALUE"""),29.53) -> 29.53 | C40: =(B40-B39)/B39 -> 0.0081939228
A41: =IFERROR(__xludf.UNSUPPORTED("""COMPUTED_VALUE"""),43524.6666666666) -> 43524.667 | B41: =IFERROR(__xludf.UNSUPPORTED("""COMPUTED_VALUE"""),29.08) -> 29.08 | C41: =(B41-B40)/B40 -> -0.01523874
A42: =IFERROR(__xludf.UNSUPPORTED("""COMPUTED_VALUE"""),43525.6666666666) -> 43525.667 | B42: =IFERROR(__xludf.UNSUPPORTED("""COMPUTED_VALUE"""),29.31) -> 29.31 | C42: =(B42-B41)/B41 -> 0.007909216
A43: =IFERROR(__xludf.UNSUPPORTED("""COMPUTED_VALUE"""),43528.6666666666) -> 43528.667 | B43: =IFERROR(__xludf.UNSUPPORTED("""COMPUTED_VALUE"""),29.03) -> 29.03 | C43: =(B43-B42)/B42 -> -0.0095530536
A44: =IFERROR(__xludf.UNSUPPORTED("""COMPUTED_VALUE"""),43529.6666666666) -> 43529.667 | B44: =IFERROR(__xludf.UNSUPPORTED("""COMPUTED_VALUE"""),29.08) -> 29.08 | C44: =(B44-B43)/B43 -> 0.0017223562
A45: =IFERROR(__xludf.UNSUPPORTED("""COMPUTED_VALUE"""),43530.6666666666) -> 43530.667 | B45: =IFERROR(__xludf.UNSUPPORTED("""COMPUTED_VALUE"""),28.84) -> 28.84 | C45: =(B45-B44)/B44 -> -0.0082530949
A46: =IFERROR(__xludf.UNSUPPORTED("""COMPUTED_VALUE"""),43531.6666666666) -> 43531.667 | B46: =IFERROR(__xludf.UNSUPPORTED("""COMPUTED_VALUE"""),28.55) -> 28.55 | C46: =(B46-B45)/B45 -> -0.010055479
A47: =IFERROR(__xludf.UNSUPPORTED("""COMPUTED_VALUE"""),43532.6666666666) -> 43532.667 | B47: =IFERROR(__xludf.UNSUPPORTED("""COMPUTED_VALUE"""),28.65) -> 28.65 | C47: =(B47-B46)/B46 -> 0.003502627
A48: =IFERROR(__xludf.UNSUPPORTED("""COMPUTED_VALUE"""),43535.6666666666) -> 43535.667 | B48: =IFERROR(__xludf.UNSUPPORTED("""COMPUTED_VALUE"""),28.94) -> 28.94 | C48: =(B48-B47)/B47 -> 0.010122164
A49: =IFERROR(__xludf.UNSUPPORTED("""COMPUTED_VALUE"""),43536.6666666666) -> 43536.667 | B49: =IFERROR(__xludf.UNSUPPORTED("""COMPUTED_VALUE"""),28.94) -> 28.94 | C49: =(B49-B48)/B48 -> 0
A50: =IFERROR(__xludf.UNSUPPORTED("""COMPUTED_VALUE"""),43537.6666666666) -> 43537.667 | B50: =IFERROR(__xludf.UNSUPPORTED("""COMPUTED_VALUE"""),29.29) -> 29.29 | C50: =(B50-B49)/B49 -> 0.012093988
A51: =IFERROR(__xludf.UNSUPPORTED("""COMPUTED_VALUE"""),43538.6666666666) -> 43538.667 | B51: =IFERROR(__xludf.UNSUPPORTED("""COMPUTED_VALUE"""),29.46) -> 29.46 | C51: =(B51-B50)/B50 -> 0.0058040287
A52: =IFERROR(__xludf.UNSUPPORTED("""COMPUTED_VALUE"""),43539.6666666666) -> 43539.667 | B52: =IFERROR(__xludf.UNSUPPORTED("""COMPUTED_VALUE"""),29.3) -> 29.3 | C52: =(B52-B51)/B51 -> -0.005431093
A53: =IFERROR(__xludf.UNSUPPORTED("""COMPUTED_VALUE"""),43542.6666666666) -> 43542.667 | B53: =IFERROR(__xludf.UNSUPPORTED("""COMPUTED_VALUE"""),29.82) -> 29.82 | C53: =(B53-B52)/B52 -> 0.01774744
A54: =IFERROR(__xludf.UNSUPPORTED("""COMPUTED_VALUE"""),43543.6666666666) -> 43543.667 | B54: =IFERROR(__xludf.UNSUPPORTED("""COMPUTED_VALUE"""),29.65) -> 29.65 | C54: =(B54-B53)/B53 -> -0.0057008719
A55: =IFERROR(__xludf.UNSUPPORTED("""COMPUTED_VALUE"""),43544.6666666666) -> 43544.667 | B55: =IFERROR(__xludf.UNSUPPORTED("""COMPUTED_VALUE"""),28.64) -> 28.64 | C55: =(B55-B54)/B54 -> -0.034064081
A56: =IFERROR(__xludf.UNSUPPORTED("""COMPUTED_VALUE"""),43545.6666666666) -> 43545.667 | B56: =IFERROR(__xludf.UNSUPPORTED("""COMPUTED_VALUE"""),28.18) -> 28.18 | C56: =(B56-B55)/B55 -> -0.016061453
A57: =IFERROR(__xludf.UNSUPPORTED("""COMPUTED_VALUE"""),43546.6666666666) -> 43546.667 | B57: =IFERROR(__xludf.UNSUPPORTED("""COMPUTED_VALUE"""),27.01) -> 27.01 | C57: =(B57-B56)/B56 -> -0.041518808
A58: =IFERROR(__xludf.UNSUPPORTED("""COMPUTED_VALUE"""),43549.6666666666) -> 43549.667 | B58: =IFERROR(__xludf.UNSUPPORTED("""COMPUTED_VALUE"""),26.84) -> 26.84 | C58: =(B58-B57)/B57 -> -0.0062939652
A59: =IFERROR(__xludf.UNSUPPORTED("""COMPUTED_VALUE"""),43550.6666666666) -> 43550.667 | B59: =IFERROR(__xludf.UNSUPPORTED("""COMPUTED_VALUE"""),27.21) -> 27.21 | C59: =(B59-B58)/B58 -> 0.013785395
A60: =IFERROR(__xludf.UNSUPPORTED("""COMPUTED_VALUE"""),43551.6666666666) -> 43551.667 | B60: =IFERROR(__xludf.UNSUPPORTED("""COMPUTED_VALUE"""),27.03) -> 27.03 | C60: =(B60-B59)/B59 -> -0.006615215
A61: =IFERROR(__xludf.UNSUPPORTED("""COMPUTED_VALUE"""),43552.6666666666) -> 43552.667 | B61: =IFERROR(__xludf.UNSUPPORTED("""COMPUTED_VALUE"""),27.33) -> 27.33 | C61: =(B61-B60)/B60 -> 0.011098779
A62: =IFERROR(__xludf.UNSUPPORTED("""COMPUTED_VALUE"""),43553.6666666666) -> 43553.667 | B62: =IFERROR(__xludf.UNSUPPORTED("""COMPUTED_VALUE"""),27.59) -> 27.59 | C62: =(B62-B61)/B61 -> 0.0095133553
A63: =IFERROR(__xludf.UNSUPPORTED("""COMPUTED_VALUE"""),43556.6666666666) -> 43556.667 | B63: =IFERROR(__xludf.UNSUPPORTED("""COMPUTED_VALUE"""),28.54) -> 28.54 | C63: =(B63-B62)/B62 -> 0.034432765
A64: =IFERROR(__xludf.UNSUPPORTED("""COMPUTED_VALUE"""),43557.6666666666) -> 43557.667 | B64: =IFERROR(__xludf.UNSUPPORTED("""COMPUTED_VALUE"""),28.87) -> 28.87 | C64: =(B64-B63)/B63 -> 0.011562719
A65: =IFERROR(__xludf.UNSUPPORTED("""COMPUTED_VALUE"""),43558.6666666666) -> 43558.667 | B65: =IFERROR(__xludf.UNSUPPORTED("""COMPUTED_VALUE"""),28.84) -> 28.84 | C65: =(B65-B64)/B64 -> -0.001039141
A66: =IFERROR(__xludf.UNSUPPORTED("""COMPUTED_VALUE"""),43559.6666666666) -> 43559.667 | B66: =IFERROR(__xludf.UNSUPPORTED("""COMPUTED_VALUE"""),29.15) -> 29.15 | C66: =(B66-B65)/B65 -> 0.01074896
A67: =IFERROR(__xludf.UNSUPPORTED("""COMPUTED_VALUE"""),43560.6666666666) -> 43560.667 | B67: =IFERROR(__xludf.UNSUPPORTED("""COMPUTED_VALUE"""),29.08) -> 29.08 | C67: =(B67-B66)/B66 -> -0.0024013722
A68: =IFERROR(__xludf.UNSUPPORTED("""COMPUTED_VALUE"""),43563.6666666666) -> 43563.667 | B68: =IFERROR(__xludf.UNSUPPORTED("""COMPUTED_VALUE"""),29.17) -> 29.17 | C68: =(B68-B67)/B67 -> 0.0030949106
A69: =IFERROR(__xludf.UNSUPPORTED("""COMPUTED_VALUE"""),43564.6666666666) -> 43564.667 | B69: =IFERROR(__xludf.UNSUPPORTED("""COMPUTED_VALUE"""),28.89) -> 28.89 | C69: =(B69-B68)/B68 -> -0.009598903
A70: =IFERROR(__xludf.UNSUPPORTED("""COMPUTED_VALUE"""),43565.6666666666) -> 43565.667 | B70: =IFERROR(__xludf.UNSUPPORTED("""COMPUTED_VALUE"""),29.07) -> 29.07 | C70: =(B70-B69)/B69 -> 0.0062305296
A71: =IFERROR(__xludf.UNSUPPORTED("""COMPUTED_VALUE"""),43566.6666666666) -> 43566.667 | B71: =IFERROR(__xludf.UNSUPPORTED("""COMPUTED_VALUE"""),29.07) -> 29.07 | C71: =(B71-B70)/B70 -> 0
A72: =IFERROR(__xludf.UNSUPPORTED("""COMPUTED_VALUE"""),43567.6666666666) -> 43567.667 | B72: =IFERROR(__xludf.UNSUPPORTED("""COMPUTED_VALUE"""),30.17) -> 30.17 | C72: =(B72-B71)/B71 -> 0.037839697
A73: =IFERROR(__xludf.UNSUPPORTED("""COMPUTED_VALUE"""),43570.6666666666) -> 43570.667 | B73: =IFERROR(__xludf.UNSUPPORTED("""COMPUTED_VALUE"""),29.84) -> 29.84 | C73: =(B73-B72)/B72 -> -0.010938018
A74: =IFERROR(__xludf.UNSUPPORTED("""COMPUTED_VALUE"""),43571.6666666666) -> 43571.667 | B74: =IFERROR(__xludf.UNSUPPORTED("""COMPUTED_VALUE"""),29.88) -> 29.88 | C74: =(B74-B73)/B73 -> 0.0013404826
A75: =IFERROR(__xludf.UNSUPPORTED("""COMPUTED_VALUE"""),43572.6666666666) -> 43572.667 | B75: =IFERROR(__xludf.UNSUPPORTED("""COMPUTED_VALUE"""),30.03) -> 30.03 | C75: =(B75-B74)/B74 -> 0.0050200803
A76: =IFERROR(__xludf.UNSUPPORTED("""COMPUTED_VALUE"""),43573.6666666666) -> 43573.667 | B76: =IFERROR(__xludf.UNSUPPORTED("""COMPUTED_VALUE"""),30.03) -> 30.03 | C76: =(B76-B75)/B75 -> 0
A77: =IFERROR(__xludf.UNSUPPORTED("""COMPUTED_VALUE"""),43577.6666666666) -> 43577.667 | B77: =IFERROR(__xludf.UNSUPPORTED("""COMPUTED_VALUE"""),30.05) -> 30.05 | C77: =(B77-B76)/B76 -> 0.00066600067
A78: =IFERROR(__xludf.UNSUPPORTED("""COMPUTED_VALUE"""),43578.6666666666) -> 43578.667 | B78: =IFERROR(__xludf.UNSUPPORTED("""COMPUTED_VALUE"""),30.07) -> 30.07 | C78: =(B78-B77)/B77 -> 0.0006655574
A79: =IFERROR(__xludf.UNSUPPORTED("""COMPUTED_VALUE"""),43579.6666666666) -> 43579.667 | B79: =IFERROR(__xludf.UNSUPPORTED("""COMPUTED_VALUE"""),30.02) -> 30.02 | C79: =(B79-B78)/B78 -> -0.0016627868
A80: =IFERROR(__xludf.UNSUPPORTED("""COMPUTED_VALUE"""),43580.6666666666) -> 43580.667 | B80: =IFERROR(__xludf.UNSUPPORTED("""COMPUTED_VALUE"""),30.08) -> 30.08 | C80: =(B80-B79)/B79 -> 0.0019986676
A81: =IFERROR(__xludf.UNSUPPORTED("""COMPUTED_VALUE"""),43581.6666666666) -> 43581.667 | B81: =IFERROR(__xludf.UNSUPPORTED("""COMPUTED_VALUE"""),30.35) -> 30.35 | C81: =(B81-B80)/B80 -> 0.0089760638
A82: =IFERROR(__xludf.UNSUPPORTED("""COMPUTED_VALUE"""),43584.6666666666) -> 43584.667 | B82: =IFERROR(__xludf.UNSUPPORTED("""COMPUTED_VALUE"""),30.77) -> 30.77 | C82: =(B82-B81)/B81 -> 0.01383855
A83: =IFERROR(__xludf.UNSUPPORTED("""COMPUTED_VALUE"""),43585.6666666666) -> 43585.667 | B83: =IFERROR(__xludf.UNSUPPORTED("""COMPUTED_VALUE"""),30.58) -> 30.58 | C83: =(B83-B82)/B82 -> -0.0061748456
A84: =IFERROR(__xludf.UNSUPPORTED("""COMPUTED_VALUE"""),43586.6666666666) -> 43586.667 | B84: =IFERROR(__xludf.UNSUPPORTED("""COMPUTED_VALUE"""),30.26) -> 30.26 | C84: =(B84-B83)/B83 -> -0.010464356
A85: =IFERROR(__xludf.UNSUPPORTED("""COMPUTED_VALUE"""),43587.6666666666) -> 43587.667 | B85: =IFERROR(__xludf.UNSUPPORTED("""COMPUTED_VALUE"""),30.5) -> 30.5 | C85: =(B85-B84)/B84 -> 0.0079312624
A86: =IFERROR(__xludf.UNSUPPORTED("""COMPUTED_VALUE"""),43588.6666666666) -> 43588.667 | B86: =IFERROR(__xludf.UNSUPPORTED("""COMPUTED_VALUE"""),30.71) -> 30.71 | C86: =(B86-B85)/B85 -> 0.0068852459
A87: =IFERROR(__xludf.UNSUPPORTED("""COMPUTED_VALUE"""),43591.6666666666) -> 43591.667 | B87: =IFERROR(__xludf.UNSUPPORTED("""COMPUTED_VALUE"""),30.47) -> 30.47 | C87: =(B87-B86)/B86 -> -0.007815044
A88: =IFERROR(__xludf.UNSUPPORTED("""COMPUTED_VALUE"""),43592.6666666666) -> 43592.667 | B88: =IFERROR(__xludf.UNSUPPORTED("""COMPUTED_VALUE"""),29.92) -> 29.92 | C88: =(B88-B87)/B87 -> -0.018050542
A89: =IFERROR(__xludf.UNSUPPORTED("""COMPUTED_VALUE"""),43593.6666666666) -> 43593.667 | B89: =IFERROR(__xludf.UNSUPPORTED("""COMPUTED_VALUE"""),29.8) -> 29.8 | C89: =(B89-B88)/B88 -> -0.0040106952
A90: =IFERROR(__xludf.UNSUPPORTED("""COMPUTED_VALUE"""),43594.6666666666) -> 43594.667 | B90: =IFERROR(__xludf.UNSUPPORTED("""COMPUTED_VALUE"""),29.71) -> 29.71 | C90: =(B90-B89)/B89 -> -0.0030201342
A91: =IFERROR(__xludf.UNSUPPORTED("""COMPUTED_VALUE"""),43595.6666666666) -> 43595.667 | B91: =IFERROR(__xludf.UNSUPPORTED("""COMPUTED_VALUE"""),29.58) -> 29.58 | C91: =(B91-B90)/B90 -> -0.0043756311
A92: =IFERROR(__xludf.UNSUPPORTED("""COMPUTED_VALUE"""),43598.6666666666) -> 43598.667 | B92: =IFERROR(__xludf.UNSUPPORTED("""COMPUTED_VALUE"""),28.25) -> 28.25 | C92: =(B92-B91)/B91 -> -0.044962813
A93: =IFERROR(__xludf.UNSUPPORTED("""COMPUTED_VALUE"""),43599.6666666666) -> 43599.667 | B93: =IFERROR(__xludf.UNSUPPORTED("""COMPUTED_VALUE"""),28.62) -> 28.62 | C93: =(B93-B92)/B92 -> 0.013097345
A94: =IFERROR(__xludf.UNSUPPORTED("""COMPUTED_VALUE"""),43600.6666666666) -> 43600.667 | B94: =IFERROR(__xludf.UNSUPPORTED("""COMPUTED_VALUE"""),28.29) -> 28.29 | C94: =(B94-B93)/B93 -> -0.011530398
A95: =IFERROR(__xludf.UNSUPPORTED("""COMPUTED_VALUE"""),43601.6666666666) -> 43601.667 | B95: =IFERROR(__xludf.UNSUPPORTED("""COMPUTED_VALUE"""),28.59) -> 28.59 | C95: =(B95-B94)/B94 -> 0.010604454
A96: =IFERROR(__xludf.UNSUPPORTED("""COMPUTED_VALUE"""),43602.6666666666) -> 43602.667 | B96: =IFERROR(__xludf.UNSUPPORTED("""COMPUTED_VALUE"""),28.4) -> 28.4 | C96: =(B96-B95)/B95 -> -0.0066456803
A97: =IFERROR(__xludf.UNSUPPORTED("""COMPUTED_VALUE"""),43605.6666666666) -> 43605.667 | B97: =IFERROR(__xludf.UNSUPPORTED("""COMPUTED_VALUE"""),28.4) -> 28.4 | C97: =(B97-B96)/B96 -> 0
A98: =IFERROR(__xludf.UNSUPPORTED("""COMPUTED_VALUE"""),43606.6666666666) -> 43606.667 | B98: =IFERROR(__xludf.UNSUPPORTED("""COMPUTED_VALUE"""),28.69) -> 28.69 | C98: =(B98-B97)/B97 -> 0.010211268
A99: =IFERROR(__xludf.UNSUPPORTED("""COMPUTED_VALUE"""),43607.6666666666) -> 43607.667 | B99: =IFERROR(__xludf.UNSUPPORTED("""COMPUTED_VALUE"""),28.49) -> 28.49 | C99: =(B99-B98)/B98 -> -0.0069710701
A100: =IFERROR(__xludf.UNSUPPORTED("""COMPUTED_VALUE"""),43608.6666666666) -> 43608.667 | B100: =IFERROR(__xludf.UNSUPPORTED("""COMPUTED_VALUE"""),27.76) -> 27.76 | C100: =(B100-B99)/B99 -> -0.025623026
...

Sheet KO
A1: =IFERROR(__xludf.UNSUPPORTED(GOOGLEFINANCE("KO", "price", "01/01/2019", "01/22/2026", "DAILY")),"Date") -> Date | B1: =IFERROR(__xludf.UNSUPPORTED("""COMPUTED_VALUE"""),"Close") -> Close | C1: daily_return | E1: avg_daily_return | F1: volatility | G1: annualized_return | H1: annualized_volatility
A2: =IFERROR(__xludf.UNSUPPORTED("""COMPUTED_VALUE"""),43467.6666666666) -> 43467.667 | B2: =IFERROR(__xludf.UNSUPPORTED("""COMPUTED_VALUE"""),46.93) -> 46.93 | E2: =AVERAGE(C3:C1772) -> 0.00031991262 | F2: =_xlfn.STDEV.S(C3:C1772) -> 0.012544537 | G2: =E2*252 -> 0.080617981 | H2: =F2*SQRT(252) -> 0.19913835
A3: =IFERROR(__xludf.UNSUPPORTED("""COMPUTED_VALUE"""),43468.6666666666) -> 43468.667 | B3: =IFERROR(__xludf.UNSUPPORTED("""COMPUTED_VALUE"""),46.64) -> 46.64 | C3: =(B3-B2)/B2 -> -0.0061794162
A4: =IFERROR(__xludf.UNSUPPORTED("""COMPUTED_VALUE"""),43469.6666666666) -> 43469.667 | B4: =IFERROR(__xludf.UNSUPPORTED("""COMPUTED_VALUE"""),47.57) -> 47.57 | C4: =(B4-B3)/B3 -> 0.019939966
A5: =IFERROR(__xludf.UNSUPPORTED("""COMPUTED_VALUE"""),43472.6666666666) -> 43472.667 | B5: =IFERROR(__xludf.UNSUPPORTED("""COMPUTED_VALUE"""),46.95) -> 46.95 | C5: =(B5-B4)/B4 -> -0.013033424
A6: =IFERROR(__xludf.UNSUPPORTED("""COMPUTED_VALUE"""),43473.6666666666) -> 43473.667 | B6: =IFERROR(__xludf.UNSUPPORTED("""COMPUTED_VALUE"""),47.48) -> 47.48 | C6: =(B6-B5)/B5 -> 0.011288605
A7: =IFERROR(__xludf.UNSUPPORTED("""COMPUTED_VALUE"""),43474.6666666666) -> 43474.667 | B7: =IFERROR(__xludf.UNSUPPORTED("""COMPUTED_VALUE"""),46.57) -> 46.57 | C7: =(B7-B6)/B6 -> -0.019165965
A8: =IFERROR(__xludf.UNSUPPORTED("""COMPUTED_VALUE"""),43475.6666666666) -> 43475.667 | B8: =IFERROR(__xludf.UNSUPPORTED("""COMPUTED_VALUE"""),47.07) -> 47.07 | C8: =(B8-B7)/B7 -> 0.010736526
A9: =IFERROR(__xludf.UNSUPPORTED("""COMPUTED_VALUE"""),43476.6666666666) -> 43476.667 | B9: =IFERROR(__xludf.UNSUPPORTED("""COMPUTED_VALUE"""),47.34) -> 47.34 | C9: =(B9-B8)/B8 -> 0.0057361377
A10: =IFERROR(__xludf.UNSUPPORTED("""COMPUTED_VALUE"""),43479.6666666666) -> 43479.667 | B10: =IFERROR(__xludf.UNSUPPORTED("""COMPUTED_VALUE"""),47.15) -> 47.15 | C10: =(B10-B9)/B9 -> -0.0040135192
A11: =IFERROR(__xludf.UNSUPPORTED("""COMPUTED_VALUE"""),43480.6666666666) -> 43480.667 | B11: =IFERROR(__xludf.UNSUPPORTED("""COMPUTED_VALUE"""),47.57) -> 47.57 | C11: =(B11-B10)/B10 -> 0.0089077413
A12: =IFERROR(__xludf.UNSUPPORTED("""COMPUTED_VALUE"""),43481.6666666666) -> 43481.667 | B12: =IFERROR(__xludf.UNSUPPORTED("""COMPUTED_VALUE"""),46.92) -> 46.92 | C12: =(B12-B11)/B11 -> -0.013664074
A13: =IFERROR(__xludf.UNSUPPORTED("""COMPUTED_VALUE"""),43482.6666666666) -> 43482.667 | B13: =IFERROR(__xludf.UNSUPPORTED("""COMPUTED_VALUE"""),47.06) -> 47.06 | C13: =(B13-B12)/B12 -> 0.0029838022
A14: =IFERROR(__xludf.UNSUPPORTED("""COMPUTED_VALUE"""),43483.6666666666) -> 43483.667 | B14: =IFERROR(__xludf.UNSUPPORTED("""COMPUTED_VALUE"""),47.61) -> 47.61 | C14: =(B14-B13)/B13 -> 0.011687208
A15: =IFERROR(__xludf.UNSUPPORTED("""COMPUTED_VALUE"""),43487.6666666666) -> 43487.667 | B15: =IFERROR(__xludf.UNSUPPORTED("""COMPUTED_VALUE"""),47.72) -> 47.72 | C15: =(B15-B14)/B14 -> 0.002310439
A16: =IFERROR(__xludf.UNSUPPORTED("""COMPUTED_VALUE"""),43488.6666666666) -> 43488.667 | B16: =IFERROR(__xludf.UNSUPPORTED("""COMPUTED_VALUE"""),48.27) -> 48.27 | C16: =(B16-B15)/B15 -> 0.011525566
A17: =IFERROR(__xludf.UNSUPPORTED("""COMPUTED_VALUE"""),43489.6666666666) -> 43489.667 | B17: =IFERROR(__xludf.UNSUPPORTED("""COMPUTED_VALUE"""),47.69) -> 47.69 | C17: =(B17-B16)/B16 -> -0.012015745
A18: =IFERROR(__xludf.UNSUPPORTED("""COMPUTED_VALUE"""),43490.6666666666) -> 43490.667 | B18: =IFERROR(__xludf.UNSUPPORTED("""COMPUTED_VALUE"""),47.37) -> 47.37 | C18: =(B18-B17)/B17 -> -0.0067100021
A19: =IFERROR(__xludf.UNSUPPORTED("""COMPUTED_VALUE"""),43493.6666666666) -> 43493.667 | B19: =IFERROR(__xludf.UNSUPPORTED("""COMPUTED_VALUE"""),47.17) -> 47.17 | C19: =(B19-B18)/B18 -> -0.0042220815
A20: =IFERROR(__xludf.UNSUPPORTED("""COMPUTED_VALUE"""),43494.6666666666) -> 43494.667 | B20: =IFERROR(__xludf.UNSUPPORTED("""COMPUTED_VALUE"""),47.4) -> 47.4 | C20: =(B20-B19)/B19 -> 0.0048759805
A21: =IFERROR(__xludf.UNSUPPORTED("""COMPUTED_VALUE"""),43495.6666666666) -> 43495.667 | B21: =IFERROR(__xludf.UNSUPPORTED("""COMPUTED_VALUE"""),47.86) -> 47.86 | C21: =(B21-B20)/B20 -> 0.0097046414
A22: =IFERROR(__xludf.UNSUPPORTED("""COMPUTED_VALUE"""),43496.6666666666) -> 43496.667 | B22: =IFERROR(__xludf.UNSUPPORTED("""COMPUTED_VALUE"""),48.13) -> 48.13 | C22: =(B22-B21)/B21 -> 0.0056414542
A23: =IFERROR(__xludf.UNSUPPORTED("""COMPUTED_VALUE"""),43497.6666666666) -> 43497.667 | B23: =IFERROR(__xludf.UNSUPPORTED("""COMPUTED_VALUE"""),48.7) -> 48.7 | C23: =(B23-B22)/B22 -> 0.011842925
A24: =IFERROR(__xludf.UNSUPPORTED("""COMPUTED_VALUE"""),43500.6666666666) -> 43500.667 | B24: =IFERROR(__xludf.UNSUPPORTED("""COMPUTED_VALUE"""),49.25) -> 49.25 | C24: =(B24-B23)/B23 -> 0.011293634
A25: =IFERROR(__xludf.UNSUPPORTED("""COMPUTED_VALUE"""),43501.6666666666) -> 43501.667 | B25: =IFERROR(__xludf.UNSUPPORTED("""COMPUTED_VALUE"""),49.26) -> 49.26 | C25: =(B25-B24)/B24 -> 0.00020304569
A26: =IFERROR(__xludf.UNSUPPORTED("""COMPUTED_VALUE"""),43502.6666666666) -> 43502.667 | B26: =IFERROR(__xludf.UNSUPPORTED("""COMPUTED_VALUE"""),49.26) -> 49.26 | C26: =(B26-B25)/B25 -> 0
A27: =IFERROR(__xludf.UNSUPPORTED("""COMPUTED_VALUE"""),43503.6666666666) -> 43503.667 | B27: =IFERROR(__xludf.UNSUPPORTED("""COMPUTED_VALUE"""),49.42) -> 49.42 | C27: =(B27-B26)/B26 -> 0.0032480715
A28: =IFERROR(__xludf.UNSUPPORTED("""COMPUTED_VALUE"""),43504.6666666666) -> 43504.667 | B28: =IFERROR(__xludf.UNSUPPORTED("""COMPUTED_VALUE"""),49.5) -> 49.5 | C28: =(B28-B27)/B27 -> 0.0016187778
A29: =IFERROR(__xludf.UNSUPPORTED("""COMPUTED_VALUE"""),43507.6666666666) -> 43507.667 | B29: =IFERROR(__xludf.UNSUPPORTED("""COMPUTED_VALUE"""),49.61) -> 49.61 | C29: =(B29-B28)/B28 -> 0.0022222222
A30: =IFERROR(__xludf.UNSUPPORTED("""COMPUTED_VALUE"""),43508.6666666666) -> 43508.667 | B30: =IFERROR(__xludf.UNSUPPORTED("""COMPUTED_VALUE"""),49.66) -> 49.66 | C30: =(B30-B29)/B29 -> 0.0010078613
A31: =IFERROR(__xludf.UNSUPPORTED("""COMPUTED_VALUE"""),43509.6666666666) -> 43509.667 | B31: =IFERROR(__xludf.UNSUPPORTED("""COMPUTED_VALUE"""),49.79) -> 49.79 | C31: =(B31-B30)/B30 -> 0.002617801
A32: =IFERROR(__xludf.UNSUPPORTED("""COMPUTED_VALUE"""),43510.6666666666) -> 43510.667 | B32: =IFERROR(__xludf.UNSUPPORTED("""COMPUTED_VALUE"""),45.59) -> 45.59 | C32: =(B32-B31)/B31 -> -0.084354288
A33: =IFERROR(__xludf.UNSUPPORTED("""COMPUTED_VALUE"""),43511.6666666666) -> 43511.667 | B33: =IFERROR(__xludf.UNSUPPORTED("""COMPUTED_VALUE"""),45.24) -> 45.24 | C33: =(B33-B32)/B32 -> -0.0076771222
A34: =IFERROR(__xludf.UNSUPPORTED("""COMPUTED_VALUE"""),43515.6666666666) -> 43515.667 | B34: =IFERROR(__xludf.UNSUPPORTED("""COMPUTED_VALUE"""),44.83) -> 44.83 | C34: =(B34-B33)/B33 -> -0.0090627763
A35: =IFERROR(__xludf.UNSUPPORTED("""COMPUTED_VALUE"""),43516.6666666666) -> 43516.667 | B35: =IFERROR(__xludf.UNSUPPORTED("""COMPUTED_VALUE"""),45.1) -> 45.1 | C35: =(B35-B34)/B34 -> 0.0060227526
A36: =IFERROR(__xludf.UNSUPPORTED("""COMPUTED_VALUE"""),43517.6666666666) -> 43517.667 | B36: =IFERROR(__xludf.UNSUPPORTED("""COMPUTED_VALUE"""),45.86) -> 45.86 | C36: =(B36-B35)/B35 -> 0.016851441
A37: =IFERROR(__xludf.UNSUPPORTED("""COMPUTED_VALUE"""),43518.6666666666) -> 43518.667 | B37: =IFERROR(__xludf.UNSUPPORTED("""COMPUTED_VALUE"""),45.28) -> 45.28 | C37: =(B37-B36)/B36 -> -0.012647187
A38: =IFERROR(__xludf.UNSUPPORTED("""COMPUTED_VALUE"""),43521.6666666666) -> 43521.667 | B38: =IFERROR(__xludf.UNSUPPORTED("""COMPUTED_VALUE"""),44.94) -> 44.94 | C38: =(B38-B37)/B37 -> -0.0075088339
A39: =IFERROR(__xludf.UNSUPPORTED("""COMPUTED_VALUE"""),43522.6666666666) -> 43522.667 | B39: =IFERROR(__xludf.UNSUPPORTED("""COMPUTED_VALUE"""),44.69) -> 44.69 | C39: =(B39-B38)/B38 -> -0.0055629729
A40: =IFERROR(__xludf.UNSUPPORTED("""COMPUTED_VALUE"""),43523.6666666666) -> 43523.667 | B40: =IFERROR(__xludf.UNSUPPORTED("""COMPUTED_VALUE"""),44.94) -> 44.94 | C40: =(B40-B39)/B39 -> 0.0055940926
A41: =IFERROR(__xludf.UNSUPPORTED("""COMPUTED_VALUE"""),43524.6666666666) -> 43524.667 | B41: =IFERROR(__xludf.UNSUPPORTED("""COMPUTED_VALUE"""),45.34) -> 45.34 | C41: =(B41-B40)/B40 -> 0.0089007566
A42: =IFERROR(__xludf.UNSUPPORTED("""COMPUTED_VALUE"""),43525.6666666666) -> 43525.667 | B42: =IFERROR(__xludf.UNSUPPORTED("""COMPUTED_VALUE"""),45.38) -> 45.38 | C42: =(B42-B41)/B41 -> 0.0008822232
A43: =IFERROR(__xludf.UNSUPPORTED("""COMPUTED_VALUE"""),43528.6666666666) -> 43528.667 | B43: =IFERROR(__xludf.UNSUPPORTED("""COMPUTED_VALUE"""),45.65) -> 45.65 | C43: =(B43-B42)/B42 -> 0.0059497576
A44: =IFERROR(__xludf.UNSUPPORTED("""COMPUTED_VALUE"""),43529.6666666666) -> 43529.667 | B44: =IFERROR(__xludf.UNSUPPORTED("""COMPUTED_VALUE"""),45.6) -> 45.6 | C44: =(B44-B43)/B43 -> -0.0010952903
A45: =IFERROR(__xludf.UNSUPPORTED("""COMPUTED_VALUE"""),43530.6666666666) -> 43530.667 | B45: =IFERROR(__xludf.UNSUPPORTED("""COMPUTED_VALUE"""),45.45) -> 45.45 | C45: =(B45-B44)/B44 -> -0.0032894737
A46: =IFERROR(__xludf.UNSUPPORTED("""COMPUTED_VALUE"""),43531.6666666666) -> 43531.667 | B46: =IFERROR(__xludf.UNSUPPORTED("""COMPUTED_VALUE"""),45.28) -> 45.28 | C46: =(B46-B45)/B45 -> -0.003740374
A47: =IFERROR(__xludf.UNSUPPORTED("""COMPUTED_VALUE"""),43532.6666666666) -> 43532.667 | B47: =IFERROR(__xludf.UNSUPPORTED("""COMPUTED_VALUE"""),44.84) -> 44.84 | C47: =(B47-B46)/B46 -> -0.0097173145
A48: =IFERROR(__xludf.UNSUPPORTED("""COMPUTED_VALUE"""),43535.6666666666) -> 43535.667 | B48: =IFERROR(__xludf.UNSUPPORTED("""COMPUTED_VALUE"""),46.18) -> 46.18 | C48: =(B48-B47)/B47 -> 0.029884032
A49: =IFERROR(__xludf.UNSUPPORTED("""COMPUTED_VALUE"""),43536.6666666666) -> 43536.667 | B49: =IFERROR(__xludf.UNSUPPORTED("""COMPUTED_VALUE"""),46.05) -> 46.05 | C49: =(B49-B48)/B48 -> -0.0028150715
A50: =IFERROR(__xludf.UNSUPPORTED("""COMPUTED_VALUE"""),43537.6666666666) -> 43537.667 | B50: =IFERROR(__xludf.UNSUPPORTED("""COMPUTED_VALUE"""),46.22) -> 46.22 | C50: =(B50-B49)/B49 -> 0.0036916395
A51: =IFERROR(__xludf.UNSUPPORTED("""COMPUTED_VALUE"""),43538.6666666666) -> 43538.667 | B51: =IFERROR(__xludf.UNSUPPORTED("""COMPUTED_VALUE"""),45.7) -> 45.7 | C51: =(B51-B50)/B50 -> -0.011250541
A52: =IFERROR(__xludf.UNSUPPORTED("""COMPUTED_VALUE"""),43539.6666666666) -> 43539.667 | B52: =IFERROR(__xludf.UNSUPPORTED("""COMPUTED_VALUE"""),45.3) -> 45.3 | C52: =(B52-B51)/B51 -> -0.0087527352
A53: =IFERROR(__xludf.UNSUPPORTED("""COMPUTED_VALUE"""),43542.6666666666) -> 43542.667 | B53: =IFERROR(__xludf.UNSUPPORTED("""COMPUTED_VALUE"""),45.41) -> 45.41 | C53: =(B53-B52)/B52 -> 0.0024282561
A54: =IFERROR(__xludf.UNSUPPORTED("""COMPUTED_VALUE"""),43543.6666666666) -> 43543.667 | B54: =IFERROR(__xludf.UNSUPPORTED("""COMPUTED_VALUE"""),45.56) -> 45.56 | C54: =(B54-B53)/B53 -> 0.0033032372
A55: =IFERROR(__xludf.UNSUPPORTED("""COMPUTED_VALUE"""),43544.6666666666) -> 43544.667 | B55: =IFERROR(__xludf.UNSUPPORTED("""COMPUTED_VALUE"""),45.53) -> 45.53 | C55: =(B55-B54)/B54 -> -0.00065847234
A56: =IFERROR(__xludf.UNSUPPORTED("""COMPUTED_VALUE"""),43545.6666666666) -> 43545.667 | B56: =IFERROR(__xludf.UNSUPPORTED("""COMPUTED_VALUE"""),45.51) -> 45.51 | C56: =(B56-B55)/B55 -> -0.00043927081
A57: =IFERROR(__xludf.UNSUPPORTED("""COMPUTED_VALUE"""),43546.6666666666) -> 43546.667 | B57: =IFERROR(__xludf.UNSUPPORTED("""COMPUTED_VALUE"""),45.93) -> 45.93 | C57: =(B57-B56)/B56 -> 0.0092287409
A58: =IFERROR(__xludf.UNSUPPORTED("""COMPUTED_VALUE"""),43549.6666666666) -> 43549.667 | B58: =IFERROR(__xludf.UNSUPPORTED("""COMPUTED_VALUE"""),46.03) -> 46.03 | C58: =(B58-B57)/B57 -> 0.0021772262
A59: =IFERROR(__xludf.UNSUPPORTED("""COMPUTED_VALUE"""),43550.6666666666) -> 43550.667 | B59: =IFERROR(__xludf.UNSUPPORTED("""COMPUTED_VALUE"""),46.64) -> 46.64 | C59: =(B59-B58)/B58 -> 0.013252227
A60: =IFERROR(__xludf.UNSUPPORTED("""COMPUTED_VALUE"""),43551.6666666666) -> 43551.667 | B60: =IFERROR(__xludf.UNSUPPORTED("""COMPUTED_VALUE"""),46.61) -> 46.61 | C60: =(B60-B59)/B59 -> -0.0006432247
A61: =IFERROR(__xludf.UNSUPPORTED("""COMPUTED_VALUE"""),43552.6666666666) -> 43552.667 | B61: =IFERROR(__xludf.UNSUPPORTED("""COMPUTED_VALUE"""),46.58) -> 46.58 | C61: =(B61-B60)/B60 -> -0.0006436387
A62: =IFERROR(__xludf.UNSUPPORTED("""COMPUTED_VALUE"""),43553.6666666666) -> 43553.667 | B62: =IFERROR(__xludf.UNSUPPORTED("""COMPUTED_VALUE"""),46.86) -> 46.86 | C62: =(B62-B61)/B61 -> 0.0060111636
A63: =IFERROR(__xludf.UNSUPPORTED("""COMPUTED_VALUE"""),43556.6666666666) -> 43556.667 | B63: =IFERROR(__xludf.UNSUPPORTED("""COMPUTED_VALUE"""),46.72) -> 46.72 | C63: =(B63-B62)/B62 -> -0.0029876227
A64: =IFERROR(__xludf.UNSUPPORTED("""COMPUTED_VALUE"""),43557.6666666666) -> 43557.667 | B64: =IFERROR(__xludf.UNSUPPORTED("""COMPUTED_VALUE"""),46.57) -> 46.57 | C64: =(B64-B63)/B63 -> -0.0032106164
A65: =IFERROR(__xludf.UNSUPPORTED("""COMPUTED_VALUE"""),43558.6666666666) -> 43558.667 | B65: =IFERROR(__xludf.UNSUPPORTED("""COMPUTED_VALUE"""),46.18) -> 46.18 | C65: =(B65-B64)/B64 -> -0.00837449
A66: =IFERROR(__xludf.UNSUPPORTED("""COMPUTED_VALUE"""),43559.6666666666) -> 43559.667 | B66: =IFERROR(__xludf.UNSUPPORTED("""COMPUTED_VALUE"""),46.48) -> 46.48 | C66: =(B66-B65)/B65 -> 0.0064963188
A67: =IFERROR(__xludf.UNSUPPORTED("""COMPUTED_VALUE"""),43560.6666666666) -> 43560.667 | B67: =IFERROR(__xludf.UNSUPPORTED("""COMPUTED_VALUE"""),46.47) -> 46.47 | C67: =(B67-B66)/B66 -> -0.0002151463
A68: =IFERROR(__xludf.UNSUPPORTED("""COMPUTED_VALUE"""),43563.6666666666) -> 43563.667 | B68: =IFERROR(__xludf.UNSUPPORTED("""COMPUTED_VALUE"""),46.55) -> 46.55 | C68: =(B68-B67)/B67 -> 0.0017215408
A69: =IFERROR(__xludf.UNSUPPORTED("""COMPUTED_VALUE"""),43564.6666666666) -> 43564.667 | B69: =IFERROR(__xludf.UNSUPPORTED("""COMPUTED_VALUE"""),46.67) -> 46.67 | C69: =(B69-B68)/B68 -> 0.0025778733
A70: =IFERROR(__xludf.UNSUPPORTED("""COMPUTED_VALUE"""),43565.6666666666) -> 43565.667 | B70: =IFERROR(__xludf.UNSUPPORTED("""COMPUTED_VALUE"""),46.64) -> 46.64 | C70: =(B70-B69)/B69 -> -0.00064281123
A71: =IFERROR(__xludf.UNSUPPORTED("""COMPUTED_VALUE"""),43566.6666666666) -> 43566.667 | B71: =IFERROR(__xludf.UNSUPPORTED("""COMPUTED_VALUE"""),46.71) -> 46.71 | C71: =(B71-B70)/B70 -> 0.0015008576
A72: =IFERROR(__xludf.UNSUPPORTED("""COMPUTED_VALUE"""),43567.6666666666) -> 43567.667 | B72: =IFERROR(__xludf.UNSUPPORTED("""COMPUTED_VALUE"""),46.74) -> 46.74 | C72: =(B72-B71)/B71 -> 0.00064226076
A73: =IFERROR(__xludf.UNSUPPORTED("""COMPUTED_VALUE"""),43570.6666666666) -> 43570.667 | B73: =IFERROR(__xludf.UNSUPPORTED("""COMPUTED_VALUE"""),47) -> 47 | C73: =(B73-B72)/B72 -> 0.0055626872
A74: =IFERROR(__xludf.UNSUPPORTED("""COMPUTED_VALUE"""),43571.6666666666) -> 43571.667 | B74: =IFERROR(__xludf.UNSUPPORTED("""COMPUTED_VALUE"""),46.95) -> 46.95 | C74: =(B74-B73)/B73 -> -0.0010638298
A75: =IFERROR(__xludf.UNSUPPORTED("""COMPUTED_VALUE"""),43572.6666666666) -> 43572.667 | B75: =IFERROR(__xludf.UNSUPPORTED("""COMPUTED_VALUE"""),47.28) -> 47.28 | C75: =(B75-B74)/B74 -> 0.007028754
A76: =IFERROR(__xludf.UNSUPPORTED("""COMPUTED_VALUE"""),43573.6666666666) -> 43573.667 | B76: =IFERROR(__xludf.UNSUPPORTED("""COMPUTED_VALUE"""),47.48) -> 47.48 | C76: =(B76-B75)/B75 -> 0.0042301184
A77: =IFERROR(__xludf.UNSUPPORTED("""COMPUTED_VALUE"""),43577.6666666666) -> 43577.667 | B77: =IFERROR(__xludf.UNSUPPORTED("""COMPUTED_VALUE"""),47.4) -> 47.4 | C77: =(B77-B76)/B76 -> -0.00168492
A78: =IFERROR(__xludf.UNSUPPORTED("""COMPUTED_VALUE"""),43578.6666666666) -> 43578.667 | B78: =IFERROR(__xludf.UNSUPPORTED("""COMPUTED_VALUE"""),48.21) -> 48.21 | C78: =(B78-B77)/B77 -> 0.017088608
A79: =IFERROR(__xludf.UNSUPPORTED("""COMPUTED_VALUE"""),43579.6666666666) -> 43579.667 | B79: =IFERROR(__xludf.UNSUPPORTED("""COMPUTED_VALUE"""),47.98) -> 47.98 | C79: =(B79-B78)/B78 -> -0.0047707944
A80: =IFERROR(__xludf.UNSUPPORTED("""COMPUTED_VALUE"""),43580.6666666666) -> 43580.667 | B80: =IFERROR(__xludf.UNSUPPORTED("""COMPUTED_VALUE"""),47.84) -> 47.84 | C80: =(B80-B79)/B79 -> -0.0029178825
A81: =IFERROR(__xludf.UNSUPPORTED("""COMPUTED_VALUE"""),43581.6666666666) -> 43581.667 | B81: =IFERROR(__xludf.UNSUPPORTED("""COMPUTED_VALUE"""),48.26) -> 48.26 | C81: =(B81-B80)/B80 -> 0.0087792642
A82: =IFERROR(__xludf.UNSUPPORTED("""COMPUTED_VALUE"""),43584.6666666666) -> 43584.667 | B82: =IFERROR(__xludf.UNSUPPORTED("""COMPUTED_VALUE"""),48.42) -> 48.42 | C82: =(B82-B81)/B81 -> 0.0033153751
A83: =IFERROR(__xludf.UNSUPPORTED("""COMPUTED_VALUE"""),43585.6666666666) -> 43585.667 | B83: =IFERROR(__xludf.UNSUPPORTED("""COMPUTED_VALUE"""),49.06) -> 49.06 | C83: =(B83-B82)/B82 -> 0.013217679
A84: =IFERROR(__xludf.UNSUPPORTED("""COMPUTED_VALUE"""),43586.6666666666) -> 43586.667 | B84: =IFERROR(__xludf.UNSUPPORTED("""COMPUTED_VALUE"""),48.59) -> 48.59 | C84: =(B84-B83)/B83 -> -0.009580106
A85: =IFERROR(__xludf.UNSUPPORTED("""COMPUTED_VALUE"""),43587.6666666666) -> 43587.667 | B85: =IFERROR(__xludf.UNSUPPORTED("""COMPUTED_VALUE"""),48.39) -> 48.39 | C85: =(B85-B84)/B84 -> -0.0041160733
A86: =IFERROR(__xludf.UNSUPPORTED("""COMPUTED_VALUE"""),43588.6666666666) -> 43588.667 | B86: =IFERROR(__xludf.UNSUPPORTED("""COMPUTED_VALUE"""),48.72) -> 48.72 | C86: =(B86-B85)/B85 -> 0.0068195908
A87: =IFERROR(__xludf.UNSUPPORTED("""COMPUTED_VALUE"""),43591.6666666666) -> 43591.667 | B87: =IFERROR(__xludf.UNSUPPORTED("""COMPUTED_VALUE"""),48.47) -> 48.47 | C87: =(B87-B86)/B86 -> -0.0051313629
A88: =IFERROR(__xludf.UNSUPPORTED("""COMPUTED_VALUE"""),43592.6666666666) -> 43592.667 | B88: =IFERROR(__xludf.UNSUPPORTED("""COMPUTED_VALUE"""),48) -> 48 | C88: =(B88-B87)/B87 -> -0.0096967196
A89: =IFERROR(__xludf.UNSUPPORTED("""COMPUTED_VALUE"""),43593.6666666666) -> 43593.667 | B89: =IFERROR(__xludf.UNSUPPORTED("""COMPUTED_VALUE"""),47.85) -> 47.85 | C89: =(B89-B88)/B88 -> -0.003125
A90: =IFERROR(__xludf.UNSUPPORTED("""COMPUTED_VALUE"""),43594.6666666666) -> 43594.667 | B90: =IFERROR(__xludf.UNSUPPORTED("""COMPUTED_VALUE"""),47.4) -> 47.4 | C90: =(B90-B89)/B89 -> -0.0094043887
A91: =IFERROR(__xludf.UNSUPPORTED("""COMPUTED_VALUE"""),43595.6666666666) -> 43595.667 | B91: =IFERROR(__xludf.UNSUPPORTED("""COMPUTED_VALUE"""),48.19) -> 48.19 | C91: =(B91-B90)/B90 -> 0.016666667
A92: =IFERROR(__xludf.UNSUPPORTED("""COMPUTED_VALUE"""),43598.6666666666) -> 43598.667 | B92: =IFERROR(__xludf.UNSUPPORTED("""COMPUTED_VALUE"""),48.05) -> 48.05 | C92: =(B92-B91)/B91 -> -0.002905167
A93: =IFERROR(__xludf.UNSUPPORTED("""COMPUTED_VALUE"""),43599.6666666666) -> 43599.667 | B93: =IFERROR(__xludf.UNSUPPORTED("""COMPUTED_VALUE"""),48.69) -> 48.69 | C93: =(B93-B92)/B92 -> 0.013319459
A94: =IFERROR(__xludf.UNSUPPORTED("""COMPUTED_VALUE"""),43600.6666666666) -> 43600.667 | B94: =IFERROR(__xludf.UNSUPPORTED("""COMPUTED_VALUE"""),49.18) -> 49.18 | C94: =(B94-B93)/B93 -> 0.010063668
A95: =IFERROR(__xludf.UNSUPPORTED("""COMPUTED_VALUE"""),43601.6666666666) -> 43601.667 | B95: =IFERROR(__xludf.UNSUPPORTED("""COMPUTED_VALUE"""),49.58) -> 49.58 | C95: =(B95-B94)/B94 -> 0.0081333876
A96: =IFERROR(__xludf.UNSUPPORTED("""COMPUTED_VALUE"""),43602.6666666666) -> 43602.667 | B96: =IFERROR(__xludf.UNSUPPORTED("""COMPUTED_VALUE"""),49.2) -> 49.2 | C96: =(B96-B95)/B95 -> -0.0076643808
A97: =IFERROR(__xludf.UNSUPPORTED("""COMPUTED_VALUE"""),43605.6666666666) -> 43605.667 | B97: =IFERROR(__xludf.UNSUPPORTED("""COMPUTED_VALUE"""),48.85) -> 48.85 | C97: =(B97-B96)/B96 -> -0.0071138211
A98: =IFERROR(__xludf.UNSUPPORTED("""COMPUTED_VALUE"""),43606.6666666666) -> 43606.667 | B98: =IFERROR(__xludf.UNSUPPORTED("""COMPUTED_VALUE"""),48.6) -> 48.6 | C98: =(B98-B97)/B97 -> -0.0051177073
A99: =IFERROR(__xludf.UNSUPPORTED("""COMPUTED_VALUE"""),43607.6666666666) -> 43607.667 | B99: =IFERROR(__xludf.UNSUPPORTED("""COMPUTED_VALUE"""),49.65) -> 49.65 | C99: =(B99-B98)/B98 -> 0.021604938
A100: =IFERROR(__xludf.UNSUPPORTED("""COMPUTED_VALUE"""),43608.6666666666) -> 43608.667 | B100: =IFERROR(__xludf.UNSUPPORTED("""COMPUTED_VALUE"""),49.85) -> 49.85 | C100: =(B100-B99)/B99 -> 0.0040281974
...

Sheet SPY
A1: =IFERROR(__xludf.UNSUPPORTED(GOOGLEFINANCE("SPY", "price", "01/01/2019", "01/22/2026", "DAILY")),"Date") -> Date | B1: =IFERROR(__xludf.UNSUPPORTED("""COMPUTED_VALUE"""),"Close") -> Close | C1: daily_return | E1: avg_daily_return | F1: volatility | G1: annualized_return | H1: annualized_volatility
A2: =IFERROR(__xludf.UNSUPPORTED("""COMPUTED_VALUE"""),43467.6666666666) -> 43467.667 | B2: =IFERROR(__xludf.UNSUPPORTED("""COMPUTED_VALUE"""),250.18) -> 250.18 | E2: =AVERAGE(C3:C1775) -> 0.00064941407 | F2: =_xlfn.STDEV.S(C3:C1775) -> 0.012465144 | G2: =E2*252 -> 0.16365235 | H2: =F2*SQRT(252) -> 0.19787803
A3: =IFERROR(__xludf.UNSUPPORTED("""COMPUTED_VALUE"""),43468.6666666666) -> 43468.667 | B3: =IFERROR(__xludf.UNSUPPORTED("""COMPUTED_VALUE"""),244.21) -> 244.21 | C3: =(B3-B2)/B2 -> -0.023862819
A4: =IFERROR(__xludf.UNSUPPORTED("""COMPUTED_VALUE"""),43469.6666666666) -> 43469.667 | B4: =IFERROR(__xludf.UNSUPPORTED("""COMPUTED_VALUE"""),252.39) -> 252.39 | C4: =(B4-B3)/B3 -> 0.033495762
A5: =IFERROR(__xludf.UNSUPPORTED("""COMPUTED_VALUE"""),43472.6666666666) -> 43472.667 | B5: =IFERROR(__xludf.UNSUPPORTED("""COMPUTED_VALUE"""),254.38) -> 254.38 | C5: =(B5-B4)/B4 -> 0.007884623
A6: =IFERROR(__xludf.UNSUPPORTED("""COMPUTED_VALUE"""),43473.6666666666) -> 43473.667 | B6: =IFERROR(__xludf.UNSUPPORTED("""COMPUTED_VALUE"""),256.77) -> 256.77 | C6: =(B6-B5)/B5 -> 0.0093953927
A7: =IFERROR(__xludf.UNSUPPORTED("""COMPUTED_VALUE"""),43474.6666666666) -> 43474.667 | B7: =IFERROR(__xludf.UNSUPPORTED("""COMPUTED_VALUE"""),257.97) -> 257.97 | C7: =(B7-B6)/B6 -> 0.0046734432
A8: =IFERROR(__xludf.UNSUPPORTED("""COMPUTED_VALUE"""),43475.6666666666) -> 43475.667 | B8: =IFERROR(__xludf.UNSUPPORTED("""COMPUTED_VALUE"""),258.88) -> 258.88 | C8: =(B8-B7)/B7 -> 0.003527542
A9: =IFERROR(__xludf.UNSUPPORTED("""COMPUTED_VALUE"""),43476.6666666666) -> 43476.667 | B9: =IFERROR(__xludf.UNSUPPORTED("""COMPUTED_VALUE"""),258.98) -> 258.98 | C9: =(B9-B8)/B8 -> 0.00038627936
A10: =IFERROR(__xludf.UNSUPPORTED("""COMPUTED_VALUE"""),43479.6666666666) -> 43479.667 | B10: =IFERROR(__xludf.UNSUPPORTED("""COMPUTED_VALUE"""),257.4) -> 257.4 | C10: =(B10-B9)/B9 -> -0.0061008572
A11: =IFERROR(__xludf.UNSUPPORTED("""COMPUTED_VALUE"""),43480.6666666666) -> 43480.667 | B11: =IFERROR(__xludf.UNSUPPORTED("""COMPUTED_VALUE"""),260.35) -> 260.35 | C11: =(B11-B10)/B10 -> 0.011460761
A12: =IFERROR(__xludf.UNSUPPORTED("""COMPUTED_VALUE"""),43481.6666666666) -> 43481.667 | B12: =IFERROR(__xludf.UNSUPPORTED("""COMPUTED_VALUE"""),260.98) -> 260.98 | C12: =(B12-B11)/B11 -> 0.0024198195
A13: =IFERROR(__xludf.UNSUPPORTED("""COMPUTED_VALUE"""),43482.6666666666) -> 43482.667 | B13: =IFERROR(__xludf.UNSUPPORTED("""COMPUTED_VALUE"""),262.96) -> 262.96 | C13: =(B13-B12)/B12 -> 0.0075867883
A14: =IFERROR(__xludf.UNSUPPORTED("""COMPUTED_VALUE"""),43483.6666666666) -> 43483.667 | B14: =IFERROR(__xludf.UNSUPPORTED("""COMPUTED_VALUE"""),266.46) -> 266.46 | C14: =(B14-B13)/B13 -> 0.013310009
A15: =IFERROR(__xludf.UNSUPPORTED("""COMPUTED_VALUE"""),43487.6666666666) -> 43487.667 | B15: =IFERROR(__xludf.UNSUPPORTED("""COMPUTED_VALUE"""),262.86) -> 262.86 | C15: =(B15-B14)/B14 -> -0.013510471
A16: =IFERROR(__xludf.UNSUPPORTED("""COMPUTED_VALUE"""),43488.6666666666) -> 43488.667 | B16: =IFERROR(__xludf.UNSUPPORTED("""COMPUTED_VALUE"""),263.41) -> 263.41 | C16: =(B16-B15)/B15 -> 0.0020923686
A17: =IFERROR(__xludf.UNSUPPORTED("""COMPUTED_VALUE"""),43489.6666666666) -> 43489.667 | B17: =IFERROR(__xludf.UNSUPPORTED("""COMPUTED_VALUE"""),263.55) -> 263.55 | C17: =(B17-B16)/B16 -> 0.00053149083
A18: =IFERROR(__xludf.UNSUPPORTED("""COMPUTED_VALUE"""),43490.6666666666) -> 43490.667 | B18: =IFERROR(__xludf.UNSUPPORTED("""COMPUTED_VALUE"""),265.78) -> 265.78 | C18: =(B18-B17)/B17 -> 0.0084613925
A19: =IFERROR(__xludf.UNSUPPORTED("""COMPUTED_VALUE"""),43493.6666666666) -> 43493.667 | B19: =IFERROR(__xludf.UNSUPPORTED("""COMPUTED_VALUE"""),263.76) -> 263.76 | C19: =(B19-B18)/B18 -> -0.0076002709
A20: =IFERROR(__xludf.UNSUPPORTED("""COMPUTED_VALUE"""),43494.6666666666) -> 43494.667 | B20: =IFERROR(__xludf.UNSUPPORTED("""COMPUTED_VALUE"""),263.41) -> 263.41 | C20: =(B20-B19)/B19 -> -0.0013269639
A21: =IFERROR(__xludf.UNSUPPORTED("""COMPUTED_VALUE"""),43495.6666666666) -> 43495.667 | B21: =IFERROR(__xludf.UNSUPPORTED("""COMPUTED_VALUE"""),267.58) -> 267.58 | C21: =(B21-B20)/B20 -> 0.015830834
A22: =IFERROR(__xludf.UNSUPPORTED("""COMPUTED_VALUE"""),43496.6666666666) -> 43496.667 | B22: =IFERROR(__xludf.UNSUPPORTED("""COMPUTED_VALUE"""),269.93) -> 269.93 | C22: =(B22-B21)/B21 -> 0.0087824202
A23: =IFERROR(__xludf.UNSUPPORTED("""COMPUTED_VALUE"""),43497.6666666666) -> 43497.667 | B23: =IFERROR(__xludf.UNSUPPORTED("""COMPUTED_VALUE"""),270.06) -> 270.06 | C23: =(B23-B22)/B22 -> 0.00048160634
A24: =IFERROR(__xludf.UNSUPPORTED("""COMPUTED_VALUE"""),43500.6666666666) -> 43500.667 | B24: =IFERROR(__xludf.UNSUPPORTED("""COMPUTED_VALUE"""),271.96) -> 271.96 | C24: =(B24-B23)/B23 -> 0.0070354736
A25: =IFERROR(__xludf.UNSUPPORTED("""COMPUTED_VALUE"""),43501.6666666666) -> 43501.667 | B25: =IFERROR(__xludf.UNSUPPORTED("""COMPUTED_VALUE"""),273.1) -> 273.1 | C25: =(B25-B24)/B24 -> 0.0041917929
A26: =IFERROR(__xludf.UNSUPPORTED("""COMPUTED_VALUE"""),43502.6666666666) -> 43502.667 | B26: =IFERROR(__xludf.UNSUPPORTED("""COMPUTED_VALUE"""),272.74) -> 272.74 | C26: =(B26-B25)/B25 -> -0.0013181985
A27: =IFERROR(__xludf.UNSUPPORTED("""COMPUTED_VALUE"""),43503.6666666666) -> 43503.667 | B27: =IFERROR(__xludf.UNSUPPORTED("""COMPUTED_VALUE"""),270.14) -> 270.14 | C27: =(B27-B26)/B26 -> -0.0095328885
A28: =IFERROR(__xludf.UNSUPPORTED("""COMPUTED_VALUE"""),43504.6666666666) -> 43504.667 | B28: =IFERROR(__xludf.UNSUPPORTED("""COMPUTED_VALUE"""),270.47) -> 270.47 | C28: =(B28-B27)/B27 -> 0.0012215888
A29: =IFERROR(__xludf.UNSUPPORTED("""COMPUTED_VALUE"""),43507.6666666666) -> 43507.667 | B29: =IFERROR(__xludf.UNSUPPORTED("""COMPUTED_VALUE"""),270.62) -> 270.62 | C29: =(B29-B28)/B28 -> 0.00055459016
A30: =IFERROR(__xludf.UNSUPPORTED("""COMPUTED_VALUE"""),43508.6666666666) -> 43508.667 | B30: =IFERROR(__xludf.UNSUPPORTED("""COMPUTED_VALUE"""),274.1) -> 274.1 | C30: =(B30-B29)/B29 -> 0.01285936
A31: =IFERROR(__xludf.UNSUPPORTED("""COMPUTED_VALUE"""),43509.6666666666) -> 43509.667 | B31: =IFERROR(__xludf.UNSUPPORTED("""COMPUTED_VALUE"""),274.99) -> 274.99 | C31: =(B31-B30)/B30 -> 0.0032469901
A32: =IFERROR(__xludf.UNSUPPORTED("""COMPUTED_VALUE"""),43510.6666666666) -> 43510.667 | B32: =IFERROR(__xludf.UNSUPPORTED("""COMPUTED_VALUE"""),274.38) -> 274.38 | C32: =(B32-B31)/B31 -> -0.0022182625
A33: =IFERROR(__xludf.UNSUPPORTED("""COMPUTED_VALUE"""),43511.6666666666) -> 43511.667 | B33: =IFERROR(__xludf.UNSUPPORTED("""COMPUTED_VALUE"""),277.37) -> 277.37 | C33: =(B33-B32)/B32 -> 0.010897296
A34: =IFERROR(__xludf.UNSUPPORTED("""COMPUTED_VALUE"""),43515.6666666666) -> 43515.667 | B34: =IFERROR(__xludf.UNSUPPORTED("""COMPUTED_VALUE"""),277.85) -> 277.85 | C34: =(B34-B33)/B33 -> 0.0017305404
A35: =IFERROR(__xludf.UNSUPPORTED("""COMPUTED_VALUE"""),43516.6666666666) -> 43516.667 | B35: =IFERROR(__xludf.UNSUPPORTED("""COMPUTED_VALUE"""),278.41) -> 278.41 | C35: =(B35-B34)/B34 -> 0.002015476
A36: =IFERROR(__xludf.UNSUPPORTED("""COMPUTED_VALUE"""),43517.6666666666) -> 43517.667 | B36: =IFERROR(__xludf.UNSUPPORTED("""COMPUTED_VALUE"""),277.42) -> 277.42 | C36: =(B36-B35)/B35 -> -0.0035559068
A37: =IFERROR(__xludf.UNSUPPORTED("""COMPUTED_VALUE"""),43518.6666666666) -> 43518.667 | B37: =IFERROR(__xludf.UNSUPPORTED("""COMPUTED_VALUE"""),279.14) -> 279.14 | C37: =(B37-B36)/B36 -> 0.0061999856
A38: =IFERROR(__xludf.UNSUPPORTED("""COMPUTED_VALUE"""),43521.6666666666) -> 43521.667 | B38: =IFERROR(__xludf.UNSUPPORTED("""COMPUTED_VALUE"""),279.52) -> 279.52 | C38: =(B38-B37)/B37 -> 0.0013613241
A39: =IFERROR(__xludf.UNSUPPORTED("""COMPUTED_VALUE"""),43522.6666666666) -> 43522.667 | B39: =IFERROR(__xludf.UNSUPPORTED("""COMPUTED_VALUE"""),279.32) -> 279.32 | C39: =(B39-B38)/B38 -> -0.00071551231
A40: =IFERROR(__xludf.UNSUPPORTED("""COMPUTED_VALUE"""),43523.6666666666) -> 43523.667 | B40: =IFERROR(__xludf.UNSUPPORTED("""COMPUTED_VALUE"""),279.2) -> 279.2 | C40: =(B40-B39)/B39 -> -0.00042961478
A41: =IFERROR(__xludf.UNSUPPORTED("""COMPUTED_VALUE"""),43524.6666666666) -> 43524.667 | B41: =IFERROR(__xludf.UNSUPPORTED("""COMPUTED_VALUE"""),278.68) -> 278.68 | C41: =(B41-B40)/B40 -> -0.0018624642
A42: =IFERROR(__xludf.UNSUPPORTED("""COMPUTED_VALUE"""),43525.6666666666) -> 43525.667 | B42: =IFERROR(__xludf.UNSUPPORTED("""COMPUTED_VALUE"""),280.42) -> 280.42 | C42: =(B42-B41)/B41 -> 0.0062437204
A43: =IFERROR(__xludf.UNSUPPORTED("""COMPUTED_VALUE"""),43528.6666666666) -> 43528.667 | B43: =IFERROR(__xludf.UNSUPPORTED("""COMPUTED_VALUE"""),279.4) -> 279.4 | C43: =(B43-B42)/B42 -> -0.003637401
A44: =IFERROR(__xludf.UNSUPPORTED("""COMPUTED_VALUE"""),43529.6666666666) -> 43529.667 | B44: =IFERROR(__xludf.UNSUPPORTED("""COMPUTED_VALUE"""),279.02) -> 279.02 | C44: =(B44-B43)/B43 -> -0.0013600573
A45: =IFERROR(__xludf.UNSUPPORTED("""COMPUTED_VALUE"""),43530.6666666666) -> 43530.667 | B45: =IFERROR(__xludf.UNSUPPORTED("""COMPUTED_VALUE"""),277.33) -> 277.33 | C45: =(B45-B44)/B44 -> -0.0060569135
A46: =IFERROR(__xludf.UNSUPPORTED("""COMPUTED_VALUE"""),43531.6666666666) -> 43531.667 | B46: =IFERROR(__xludf.UNSUPPORTED("""COMPUTED_VALUE"""),275.01) -> 275.01 | C46: =(B46-B45)/B45 -> -0.0083654852
A47: =IFERROR(__xludf.UNSUPPORTED("""COMPUTED_VALUE"""),43532.6666666666) -> 43532.667 | B47: =IFERROR(__xludf.UNSUPPORTED("""COMPUTED_VALUE"""),274.46) -> 274.46 | C47: =(B47-B46)/B46 -> -0.0019999273
A48: =IFERROR(__xludf.UNSUPPORTED("""COMPUTED_VALUE"""),43535.6666666666) -> 43535.667 | B48: =IFERROR(__xludf.UNSUPPORTED("""COMPUTED_VALUE"""),278.44) -> 278.44 | C48: =(B48-B47)/B47 -> 0.014501202
A49: =IFERROR(__xludf.UNSUPPORTED("""COMPUTED_VALUE"""),43536.6666666666) -> 43536.667 | B49: =IFERROR(__xludf.UNSUPPORTED("""COMPUTED_VALUE"""),279.49) -> 279.49 | C49: =(B49-B48)/B48 -> 0.0037710099
A50: =IFERROR(__xludf.UNSUPPORTED("""COMPUTED_VALUE"""),43537.6666666666) -> 43537.667 | B50: =IFERROR(__xludf.UNSUPPORTED("""COMPUTED_VALUE"""),281.34) -> 281.34 | C50: =(B50-B49)/B49 -> 0.0066191993
A51: =IFERROR(__xludf.UNSUPPORTED("""COMPUTED_VALUE"""),43538.6666666666) -> 43538.667 | B51: =IFERROR(__xludf.UNSUPPORTED("""COMPUTED_VALUE"""),281.16) -> 281.16 | C51: =(B51-B50)/B50 -> -0.00063979527
A52: =IFERROR(__xludf.UNSUPPORTED("""COMPUTED_VALUE"""),43539.6666666666) -> 43539.667 | B52: =IFERROR(__xludf.UNSUPPORTED("""COMPUTED_VALUE"""),281.31) -> 281.31 | C52: =(B52-B51)/B51 -> 0.00053350405
A53: =IFERROR(__xludf.UNSUPPORTED("""COMPUTED_VALUE"""),43542.6666666666) -> 43542.667 | B53: =IFERROR(__xludf.UNSUPPORTED("""COMPUTED_VALUE"""),282.33) -> 282.33 | C53: =(B53-B52)/B52 -> 0.0036258931
A54: =IFERROR(__xludf.UNSUPPORTED("""COMPUTED_VALUE"""),43543.6666666666) -> 43543.667 | B54: =IFERROR(__xludf.UNSUPPORTED("""COMPUTED_VALUE"""),282.4) -> 282.4 | C54: =(B54-B53)/B53 -> 0.00024793681
A55: =IFERROR(__xludf.UNSUPPORTED("""COMPUTED_VALUE"""),43544.6666666666) -> 43544.667 | B55: =IFERROR(__xludf.UNSUPPORTED("""COMPUTED_VALUE"""),281.55) -> 281.55 | C55: =(B55-B54)/B54 -> -0.003009915
A56: =IFERROR(__xludf.UNSUPPORTED("""COMPUTED_VALUE"""),43545.6666666666) -> 43545.667 | B56: =IFERROR(__xludf.UNSUPPORTED("""COMPUTED_VALUE"""),284.73) -> 284.73 | C56: =(B56-B55)/B55 -> 0.011294619
A57: =IFERROR(__xludf.UNSUPPORTED("""COMPUTED_VALUE"""),43546.6666666666) -> 43546.667 | B57: =IFERROR(__xludf.UNSUPPORTED("""COMPUTED_VALUE"""),279.25) -> 279.25 | C57: =(B57-B56)/B56 -> -0.019246304
A58: =IFERROR(__xludf.UNSUPPORTED("""COMPUTED_VALUE"""),43549.6666666666) -> 43549.667 | B58: =IFERROR(__xludf.UNSUPPORTED("""COMPUTED_VALUE"""),279.04) -> 279.04 | C58: =(B58-B57)/B57 -> -0.00075201432
A59: =IFERROR(__xludf.UNSUPPORTED("""COMPUTED_VALUE"""),43550.6666666666) -> 43550.667 | B59: =IFERROR(__xludf.UNSUPPORTED("""COMPUTED_VALUE"""),281.12) -> 281.12 | C59: =(B59-B58)/B58 -> 0.0074541284
A60: =IFERROR(__xludf.UNSUPPORTED("""COMPUTED_VALUE"""),43551.6666666666) -> 43551.667 | B60: =IFERROR(__xludf.UNSUPPORTED("""COMPUTED_VALUE"""),279.65) -> 279.65 | C60: =(B60-B59)/B59 -> -0.0052290837
A61: =IFERROR(__xludf.UNSUPPORTED("""COMPUTED_VALUE"""),43552.6666666666) -> 43552.667 | B61: =IFERROR(__xludf.UNSUPPORTED("""COMPUTED_VALUE"""),280.71) -> 280.71 | C61: =(B61-B60)/B60 -> 0.0037904524
A62: =IFERROR(__xludf.UNSUPPORTED("""COMPUTED_VALUE"""),43553.6666666666) -> 43553.667 | B62: =IFERROR(__xludf.UNSUPPORTED("""COMPUTED_VALUE"""),282.48) -> 282.48 | C62: =(B62-B61)/B61 -> 0.0063054398
A63: =IFERROR(__xludf.UNSUPPORTED("""COMPUTED_VALUE"""),43556.6666666666) -> 43556.667 | B63: =IFERROR(__xludf.UNSUPPORTED("""COMPUTED_VALUE"""),285.83) -> 285.83 | C63: =(B63-B62)/B62 -> 0.011859247
A64: =IFERROR(__xludf.UNSUPPORTED("""COMPUTED_VALUE"""),43557.6666666666) -> 43557.667 | B64: =IFERROR(__xludf.UNSUPPORTED("""COMPUTED_VALUE"""),285.97) -> 285.97 | C64: =(B64-B63)/B63 -> 0.00048980163
A65: =IFERROR(__xludf.UNSUPPORTED("""COMPUTED_VALUE"""),43558.6666666666) -> 43558.667 | B65: =IFERROR(__xludf.UNSUPPORTED("""COMPUTED_VALUE"""),286.42) -> 286.42 | C65: =(B65-B64)/B64 -> 0.0015735916
A66: =IFERROR(__xludf.UNSUPPORTED("""COMPUTED_VALUE"""),43559.6666666666) -> 43559.667 | B66: =IFERROR(__xludf.UNSUPPORTED("""COMPUTED_VALUE"""),287.18) -> 287.18 | C66: =(B66-B65)/B65 -> 0.002653446
A67: =IFERROR(__xludf.UNSUPPORTED("""COMPUTED_VALUE"""),43560.6666666666) -> 43560.667 | B67: =IFERROR(__xludf.UNSUPPORTED("""COMPUTED_VALUE"""),288.57) -> 288.57 | C67: =(B67-B66)/B66 -> 0.0048401699
A68: =IFERROR(__xludf.UNSUPPORTED("""COMPUTED_VALUE"""),43563.6666666666) -> 43563.667 | B68: =IFERROR(__xludf.UNSUPPORTED("""COMPUTED_VALUE"""),288.79) -> 288.79 | C68: =(B68-B67)/B67 -> 0.00076238001
A69: =IFERROR(__xludf.UNSUPPORTED("""COMPUTED_VALUE"""),43564.6666666666) -> 43564.667 | B69: =IFERROR(__xludf.UNSUPPORTED("""COMPUTED_VALUE"""),287.31) -> 287.31 | C69: =(B69-B68)/B68 -> -0.0051248312
A70: =IFERROR(__xludf.UNSUPPORTED("""COMPUTED_VALUE"""),43565.6666666666) -> 43565.667 | B70: =IFERROR(__xludf.UNSUPPORTED("""COMPUTED_VALUE"""),288.29) -> 288.29 | C70: =(B70-B69)/B69 -> 0.0034109498
A71: =IFERROR(__xludf.UNSUPPORTED("""COMPUTED_VALUE"""),43566.6666666666) -> 43566.667 | B71: =IFERROR(__xludf.UNSUPPORTED("""COMPUTED_VALUE"""),288.21) -> 288.21 | C71: =(B71-B70)/B70 -> -0.00027749835
A72: =IFERROR(__xludf.UNSUPPORTED("""COMPUTED_VALUE"""),43567.6666666666) -> 43567.667 | B72: =IFERROR(__xludf.UNSUPPORTED("""COMPUTED_VALUE"""),290.16) -> 290.16 | C72: =(B72-B71)/B71 -> 0.0067658999
A73: =IFERROR(__xludf.UNSUPPORTED("""COMPUTED_VALUE"""),43570.6666666666) -> 43570.667 | B73: =IFERROR(__xludf.UNSUPPORTED("""COMPUTED_VALUE"""),289.97) -> 289.97 | C73: =(B73-B72)/B72 -> -0.00065481114
A74: =IFERROR(__xludf.UNSUPPORTED("""COMPUTED_VALUE"""),43571.6666666666) -> 43571.667 | B74: =IFERROR(__xludf.UNSUPPORTED("""COMPUTED_VALUE"""),290.16) -> 290.16 | C74: =(B74-B73)/B73 -> 0.0006552402
A75: =IFERROR(__xludf.UNSUPPORTED("""COMPUTED_VALUE"""),43572.6666666666) -> 43572.667 | B75: =IFERROR(__xludf.UNSUPPORTED("""COMPUTED_VALUE"""),289.45) -> 289.45 | C75: =(B75-B74)/B74 -> -0.0024469258
A76: =IFERROR(__xludf.UNSUPPORTED("""COMPUTED_VALUE"""),43573.6666666666) -> 43573.667 | B76: =IFERROR(__xludf.UNSUPPORTED("""COMPUTED_VALUE"""),290.02) -> 290.02 | C76: =(B76-B75)/B75 -> 0.001969252
A77: =IFERROR(__xludf.UNSUPPORTED("""COMPUTED_VALUE"""),43577.6666666666) -> 43577.667 | B77: =IFERROR(__xludf.UNSUPPORTED("""COMPUTED_VALUE"""),290.27) -> 290.27 | C77: =(B77-B76)/B76 -> 0.00086200952
A78: =IFERROR(__xludf.UNSUPPORTED("""COMPUTED_VALUE"""),43578.6666666666) -> 43578.667 | B78: =IFERROR(__xludf.UNSUPPORTED("""COMPUTED_VALUE"""),292.88) -> 292.88 | C78: =(B78-B77)/B77 -> 0.0089916285
A79: =IFERROR(__xludf.UNSUPPORTED("""COMPUTED_VALUE"""),43579.6666666666) -> 43579.667 | B79: =IFERROR(__xludf.UNSUPPORTED("""COMPUTED_VALUE"""),292.23) -> 292.23 | C79: =(B79-B78)/B78 -> -0.002219339
A80: =IFERROR(__xludf.UNSUPPORTED("""COMPUTED_VALUE"""),43580.6666666666) -> 43580.667 | B80: =IFERROR(__xludf.UNSUPPORTED("""COMPUTED_VALUE"""),292.05) -> 292.05 | C80: =(B80-B79)/B79 -> -0.00061595319
A81: =IFERROR(__xludf.UNSUPPORTED("""COMPUTED_VALUE"""),43581.6666666666) -> 43581.667 | B81: =IFERROR(__xludf.UNSUPPORTED("""COMPUTED_VALUE"""),293.41) -> 293.41 | C81: =(B81-B80)/B80 -> 0.0046567369
A82: =IFERROR(__xludf.UNSUPPORTED("""COMPUTED_VALUE"""),43584.6666666666) -> 43584.667 | B82: =IFERROR(__xludf.UNSUPPORTED("""COMPUTED_VALUE"""),293.87) -> 293.87 | C82: =(B82-B81)/B81 -> 0.0015677721
A83: =IFERROR(__xludf.UNSUPPORTED("""COMPUTED_VALUE"""),43585.6666666666) -> 43585.667 | B83: =IFERROR(__xludf.UNSUPPORTED("""COMPUTED_VALUE"""),294.02) -> 294.02 | C83: =(B83-B82)/B82 -> 0.00051042978
A84: =IFERROR(__xludf.UNSUPPORTED("""COMPUTED_VALUE"""),43586.6666666666) -> 43586.667 | B84: =IFERROR(__xludf.UNSUPPORTED("""COMPUTED_VALUE"""),291.81) -> 291.81 | C84: =(B84-B83)/B83 -> -0.0075164955
A85: =IFERROR(__xludf.UNSUPPORTED("""COMPUTED_VALUE"""),43587.6666666666) -> 43587.667 | B85: =IFERROR(__xludf.UNSUPPORTED("""COMPUTED_VALUE"""),291.18) -> 291.18 | C85: =(B85-B84)/B84 -> -0.002158939
A86: =IFERROR(__xludf.UNSUPPORTED("""COMPUTED_VALUE"""),43588.6666666666) -> 43588.667 | B86: =IFERROR(__xludf.UNSUPPORTED("""COMPUTED_VALUE"""),294.03) -> 294.03 | C86: =(B86-B85)/B85 -> 0.0097877601
A87: =IFERROR(__xludf.UNSUPPORTED("""COMPUTED_VALUE"""),43591.6666666666) -> 43591.667 | B87: =IFERROR(__xludf.UNSUPPORTED("""COMPUTED_VALUE"""),292.82) -> 292.82 | C87: =(B87-B86)/B86 -> -0.0041152263
A88: =IFERROR(__xludf.UNSUPPORTED("""COMPUTED_VALUE"""),43592.6666666666) -> 43592.667 | B88: =IFERROR(__xludf.UNSUPPORTED("""COMPUTED_VALUE"""),287.93) -> 287.93 | C88: =(B88-B87)/B87 -> -0.016699679
A89: =IFERROR(__xludf.UNSUPPORTED("""COMPUTED_VALUE"""),43593.6666666666) -> 43593.667 | B89: =IFERROR(__xludf.UNSUPPORTED("""COMPUTED_VALUE"""),287.53) -> 287.53 | C89: =(B89-B88)/B88 -> -0.0013892265
A90: =IFERROR(__xludf.UNSUPPORTED("""COMPUTED_VALUE"""),43594.6666666666) -> 43594.667 | B90: =IFERROR(__xludf.UNSUPPORTED("""COMPUTED_VALUE"""),286.66) -> 286.66 | C90: =(B90-B89)/B89 -> -0.0030257712
A91: =IFERROR(__xludf.UNSUPPORTED("""COMPUTED_VALUE"""),43595.6666666666) -> 43595.667 | B91: =IFERROR(__xludf.UNSUPPORTED("""COMPUTED_VALUE"""),288.1) -> 288.1 | C91: =(B91-B90)/B90 -> 0.0050233726
A92: =IFERROR(__xludf.UNSUPPORTED("""COMPUTED_VALUE"""),43598.6666666666) -> 43598.667 | B92: =IFERROR(__xludf.UNSUPPORTED("""COMPUTED_VALUE"""),280.86) -> 280.86 | C92: =(B92-B91)/B91 -> -0.025130163
A93: =IFERROR(__xludf.UNSUPPORTED("""COMPUTED_VALUE"""),43599.6666666666) -> 43599.667 | B93: =IFERROR(__xludf.UNSUPPORTED("""COMPUTED_VALUE"""),283.4) -> 283.4 | C93: =(B93-B92)/B92 -> 0.0090436516
A94: =IFERROR(__xludf.UNSUPPORTED("""COMPUTED_VALUE"""),43600.6666666666) -> 43600.667 | B94: =IFERROR(__xludf.UNSUPPORTED("""COMPUTED_VALUE"""),285.06) -> 285.06 | C94: =(B94-B93)/B93 -> 0.0058574453
A95: =IFERROR(__xludf.UNSUPPORTED("""COMPUTED_VALUE"""),43601.6666666666) -> 43601.667 | B95: =IFERROR(__xludf.UNSUPPORTED("""COMPUTED_VALUE"""),287.7) -> 287.7 | C95: =(B95-B94)/B94 -> 0.0092612082
A96: =IFERROR(__xludf.UNSUPPORTED("""COMPUTED_VALUE"""),43602.6666666666) -> 43602.667 | B96: =IFERROR(__xludf.UNSUPPORTED("""COMPUTED_VALUE"""),285.84) -> 285.84 | C96: =(B96-B95)/B95 -> -0.0064650678
A97: =IFERROR(__xludf.UNSUPPORTED("""COMPUTED_VALUE"""),43605.6666666666) -> 43605.667 | B97: =IFERROR(__xludf.UNSUPPORTED("""COMPUTED_VALUE"""),283.95) -> 283.95 | C97: =(B97-B96)/B96 -> -0.0066120907
A98: =IFERROR(__xludf.UNSUPPORTED("""COMPUTED_VALUE"""),43606.6666666666) -> 43606.667 | B98: =IFERROR(__xludf.UNSUPPORTED("""COMPUTED_VALUE"""),286.51) -> 286.51 | C98: =(B98-B97)/B97 -> 0.0090156718
A99: =IFERROR(__xludf.UNSUPPORTED("""COMPUTED_VALUE"""),43607.6666666666) -> 43607.667 | B99: =IFERROR(__xludf.UNSUPPORTED("""COMPUTED_VALUE"""),285.63) -> 285.63 | C99: =(B99-B98)/B98 -> -0.003071446
A100: =IFERROR(__xludf.UNSUPPORTED("""COMPUTED_VALUE"""),43608.6666666666) -> 43608.667 | B100: =IFERROR(__xludf.UNSUPPORTED("""COMPUTED_VALUE"""),282.14) -> 282.14 | C100: =(B100-B99)/B99 -> -0.012218604
...
